#
# A fatal error has been detected by the Java Runtime Environment:
#
#  SIGSEGV (0xb) at pc=0x000000019d7b5808, pid=7041, tid=247047
#
# JRE version: OpenJDK Runtime Environment (21.0.6+10) (build 21.0.6+10-LTS)
# Java VM: OpenJDK 64-Bit Server VM (21.0.6+10-LTS, mixed mode, sharing, tiered, compressed oops, compressed class ptrs, g1 gc, bsd-aarch64)
# Problematic frame:
# C  [libobjc.A.dylib+0x9808]  objc_msgSend+0x8
#
# No core dump will be written. Core dumps have been disabled. To enable core dumping, try "ulimit -c unlimited" before starting Java again
#
# If you would like to submit a bug report, please visit:
#   https://bell-sw.com/support
# The crash happened outside the Java Virtual Machine in native code.
# See problematic frame for where to report the bug.
#

---------------  S U M M A R Y ------------

Command Line: -javaagent:/Applications/IntelliJ IDEA.app/Contents/lib/idea_rt.jar=49856:/Applications/IntelliJ IDEA.app/Contents/bin -Dfile.encoding=UTF-8 -Dsun.stdout.encoding=UTF-8 -Dsun.stderr.encoding=UTF-8 ClientDriver

Host: "Mac14,10" arm64, 12 cores, 16G, Darwin 24.3.0, macOS 15.3.1 (24D70)
Time: Sun Mar 30 15:40:19 2025 BST elapsed time: 68.745321 seconds (0d 0h 1m 8s)

---------------  T H R E A D  ---------------

Current thread (0x000000015502f600):  JavaThread "Thread-2"         [_thread_in_native, id=247047, stack(0x00000003ee798000,0x00000003ee99b000) (2060K)]

Stack: [0x00000003ee798000,0x00000003ee99b000],  sp=0x00000003ee99a750,  free space=2057k
Native frames: (J=compiled Java code, j=interpreted, Vv=VM code, C=native code)
C  [libobjc.A.dylib+0x9808]  objc_msgSend+0x8
C  [libopencv_videoio.405.dylib+0x308a4]  cv::AVIWriteContainer::jflushStream(unsigned int, int)+0x22cc
C  [libopencv_videoio.405.dylib+0x10234]  cvGrabFrame+0x18
C  [libopencv_videoio.405.dylib+0x32cac]  cv::AVIWriteContainer::jflushStream(unsigned int, int)+0x46d4
C  [libopencv_videoio.405.dylib+0x138d8]  cv::VideoCapture::grab()+0x38
C  [libjniopencv_videoio.dylib+0xb13c]  Java_org_bytedeco_opencv_opencv_1videoio_VideoCapture_grab+0x64
J 3035  org.bytedeco.opencv.opencv_videoio.VideoCapture.grab()Z (0 bytes) @ 0x00000001168b5f5c [0x00000001168b5ec0+0x000000000000009c]
J 3293 c1 org.bytedeco.javacv.OpenCVFrameGrabber.grab()Lorg/bytedeco/javacv/Frame; (255 bytes) @ 0x000000010f38c460 [0x000000010f38c2c0+0x00000000000001a0]
J 3292 c1 org.bytedeco.javacv.FrameGrabber.grabFrame()Lorg/bytedeco/javacv/Frame; (5 bytes) @ 0x000000010f38bc14 [0x000000010f38bb40+0x00000000000000d4]
j  VideoStreamer.WebcamStreamerReceiver.run()V+59
v  ~StubRoutines::call_stub 0x00000001161fc154
V  [libjvm.dylib+0x4d0bf4]  JavaCalls::call_helper(JavaValue*, methodHandle const&, JavaCallArguments*, JavaThread*)+0x3b0
V  [libjvm.dylib+0x4cfb54]  JavaCalls::call_virtual(JavaValue*, Klass*, Symbol*, Symbol*, JavaCallArguments*, JavaThread*)+0x140
V  [libjvm.dylib+0x4cfc20]  JavaCalls::call_virtual(JavaValue*, Handle, Klass*, Symbol*, Symbol*, JavaThread*)+0x64
V  [libjvm.dylib+0x599a88]  thread_entry(JavaThread*, JavaThread*)+0x9c
V  [libjvm.dylib+0x4e481c]  JavaThread::thread_main_inner()+0x98
V  [libjvm.dylib+0xa2806c]  Thread::call_run()+0xc8
V  [libjvm.dylib+0x850a90]  thread_native_entry(Thread*)+0x118
C  [libsystem_pthread.dylib+0x72e4]  _pthread_start+0x88
Java frames: (J=compiled Java code, j=interpreted, Vv=VM code)
J 3035  org.bytedeco.opencv.opencv_videoio.VideoCapture.grab()Z (0 bytes) @ 0x00000001168b5f5c [0x00000001168b5ec0+0x000000000000009c]
J 3293 c1 org.bytedeco.javacv.OpenCVFrameGrabber.grab()Lorg/bytedeco/javacv/Frame; (255 bytes) @ 0x000000010f38c460 [0x000000010f38c2c0+0x00000000000001a0]
J 3292 c1 org.bytedeco.javacv.FrameGrabber.grabFrame()Lorg/bytedeco/javacv/Frame; (5 bytes) @ 0x000000010f38bc14 [0x000000010f38bb40+0x00000000000000d4]
j  VideoStreamer.WebcamStreamerReceiver.run()V+59
v  ~StubRoutines::call_stub 0x00000001161fc154

siginfo: si_signo: 11 (SIGSEGV), si_code: 2 (SEGV_ACCERR), si_addr: 0x000000000000004d

Registers:
 x0=0x000000000000004d  x1=0x0000000211c7ac81  x2=0x0000000000023400  x3=0x0000000000023501
 x4=0x0002340000023500  x5=0x00000000000000a0  x6=0x0000000000000000  x7=0x000000003b9ac646
 x8=0x1b8851741e410030  x9=0x1b8851741e410030 x10=0x0000600001d6d964 x11=0x0000600001d6d968
x12=0x0000000000000100 x13=0x0000000000023500 x14=0x0000000000023400 x15=0x0002340000023500
x16=0x000000019d7b5800 x17=0x0002350100023500 x18=0x0000000000000000 x19=0x000060000280c2c0
x20=0x0000000000000000 x21=0x0000600003d5d560 x22=0x0000000124906cab x23=0x000000000000ffe3
x24=0x0000000000000000 x25=0x0000000703a0a748 x26=0x0000000124907498 x27=0x0000000703a03788
x28=0x000000015502f600  fp=0x00000003ee99a760  lr=0x00000003df5bd01c  sp=0x00000003ee99a750
pc=0x000000019d7b5808 cpsr=0x0000000020001000

Register to memory mapping:

x0 =0x000000000000004d is an unknown value
x1 =0x0000000211c7ac81 points into unknown readable memory: 75 6e 6c 6f 63 6b 00
x2 =0x0000000000023400 is an unknown value
x3 =0x0000000000023501 is an unknown value
x4 =0x0002340000023500 is an unknown value
x5 =0x00000000000000a0 is an unknown value
x6 =0x0 is null
x7 =0x000000003b9ac646 is an unknown value
x8 =0x1b8851741e410030 is an unknown value
x9 =0x1b8851741e410030 is an unknown value
x10=0x0000600001d6d964 points into unknown readable memory: 01 35 02 00
x11=0x0000600001d6d968 points into unknown readable memory: 0x0000000000023400 | 00 34 02 00 00 00 00 00
x12=0x0000000000000100 is an unknown value
x13=0x0000000000023500 is an unknown value
x14=0x0000000000023400 is an unknown value
x15=0x0002340000023500 is an unknown value
x16=0x000000019d7b5800: objc_msgSend+0 in /usr/lib/libobjc.A.dylib at 0x000000019d7ac000
x17=0x0002350100023500 is an unknown value
x18=0x0 is null
x19=0x000060000280c2c0 points into unknown readable memory: 0x0000d23ccda9c2c0 | c0 c2 a9 cd 3c d2 00 00
x20=0x0 is null
x21=0x0000600003d5d560 points into unknown readable memory: 0x00000003df5c8500 | 00 85 5c df 03 00 00 00
x22=0x0000000124906cab is pointing into metadata
x23=0x000000000000ffe3 is an unknown value
x24=0x0 is null
x25=0x0000000703a0a748 is an oop: java.io.FileDescriptor 
{0x0000000703a0a748} - klass: 'java/io/FileDescriptor'
 - ---- fields (total size 5 words):
 - private 'fd' 'I' @12  207 (0x000000cf)
 - private 'handle' 'J' @16  -1 (0xffffffffffffffff)
 - private 'closed' 'Z' @24  false (0x00)
 - private 'append' 'Z' @25  false (0x00)
 - private 'parent' 'Ljava/io/Closeable;' @28  null (0x00000000)
 - private 'otherParents' 'Ljava/util/List;' @32  null (0x00000000)
 - private 'cleanup' 'Ljdk/internal/ref/PhantomCleanable;' @36  null (0x00000000)
x26=0x0000000124907498 is pointing into metadata
x27=0x0000000703a03788 is an oop: sun.nio.ch.NativeSocketAddress 
{0x0000000703a03788} - klass: 'sun/nio/ch/NativeSocketAddress'
 - ---- fields (total size 3 words):
 - private final 'address' 'J' @16  105553170196768 (0x000060000336e920)
x28=0x000000015502f600 is a thread
 fp=0x00000003ee99a760 is pointing into the stack for thread: 0x000000015502f600
 lr=0x00000003df5bd01c: _ZN2cv17AVIWriteContainer12jflushStreamEji+0x2a44 in /Users/ethan/.javacpp/cache/opencv-4.5.5-1.5.7-macosx-arm64.jar/org/bytedeco/opencv/macosx-arm64/libopencv_videoio.405.dylib at 0x00000003df58c000
 sp=0x00000003ee99a750 is pointing into the stack for thread: 0x000000015502f600

Top of Stack: (sp=0x00000003ee99a750)
0x00000003ee99a750:   00006000011afed0 00006000020e0090
0x00000003ee99a760:   00000003ee99a780 00000003df5bc8a4
0x00000003ee99a770:   00000003ee99a830 0000600003d5d560
0x00000003ee99a780:   00000003ee99a790 00000003df59c234
0x00000003ee99a790:   00000003ee99a7a0 00000003df5becac
0x00000003ee99a7a0:   00000003ee99a7f0 00000003df59f8d8
0x00000003ee99a7b0:   00000003ee99a820 00000003df092598
0x00000003ee99a7c0:   0000000000000000 000000000000ffe3
0x00000003ee99a7d0:   0000000000000000 0000600000000000
0x00000003ee99a7e0:   00000003ee99a830 000000015502f9b8
0x00000003ee99a7f0:   00000003ee99a820 00000003df09313c
0x00000003ee99a800:   0000000124906cab 0000000104e51c70
0x00000003ee99a810:   00000003ee99aa18 00000003ee99a9e0
0x00000003ee99a820:   00000003ee99a880 00000001168b5f5c
0x00000003ee99a830:   0000000703a85660 0000000703a842d8
0x00000003ee99a840:   0000000000000000 000000015502fb60
0x00000003ee99a850:   000000015502f600 0000000703a03788
0x00000003ee99a860:   0000000124907498 0000000703a0a748
0x00000003ee99a870:   00000003ee99aaa8 000000000000ffe3
0x00000003ee99a880:   00000003ee99aa70 000000010f38c460
0x00000003ee99a890:   0000000000000001 000000015502f600
0x00000003ee99a8a0:   00000003ee99a900 0000000104669f08
0x00000003ee99a8b0:   0000000000000000 0000002700000005
0x00000003ee99a8c0:   000000015502f600 0000000000000001
0x00000003ee99a8d0:   0000600000d49680 000000010f391600
0x00000003ee99a8e0:   0000000124906cf2 0000000104e51c70
0x00000003ee99a8f0:   00000003ee99aa10 00000003ee99a9e0
0x00000003ee99a900:   00000003ee99a960 00000001168ac164
0x00000003ee99a910:   0000000100001c98 00000003ee99a938
0x00000003ee99a920:   000000030000ffe3 0000000000000000
0x00000003ee99a930:   0000000000000001 0000000707f05618
0x00000003ee99a940:   0000000000000001 000000015502f600 

Instructions: (pc=0x000000019d7b5808)
0x000000019d7b5708:   1f 20 03 d5 1f 20 03 d5 1f 20 03 d5 1f 20 03 d5
0x000000019d7b5718:   1f 20 03 d5 1f 20 03 d5 1f 20 03 d5 1f 20 03 d5
0x000000019d7b5728:   1f 20 03 d5 1f 20 03 d5 1f 20 03 d5 1f 20 03 d5
0x000000019d7b5738:   1f 20 03 d5 1f 20 03 d5 1f 20 03 d5 1f 20 03 d5
0x000000019d7b5748:   1f 20 03 d5 1f 20 03 d5 1f 20 03 d5 1f 20 03 d5
0x000000019d7b5758:   1f 20 03 d5 1f 20 03 d5 1f 20 03 d5 1f 20 03 d5
0x000000019d7b5768:   1f 20 03 d5 1f 20 03 d5 1f 20 03 d5 1f 20 03 d5
0x000000019d7b5778:   1f 20 03 d5 1f 20 03 d5 1f 20 03 d5 1f 20 03 d5
0x000000019d7b5788:   1f 20 03 d5 1f 20 03 d5 1f 20 03 d5 1f 20 03 d5
0x000000019d7b5798:   1f 20 03 d5 1f 20 03 d5 1f 20 03 d5 1f 20 03 d5
0x000000019d7b57a8:   1f 20 03 d5 1f 20 03 d5 1f 20 03 d5 1f 20 03 d5
0x000000019d7b57b8:   1f 20 03 d5 1f 20 03 d5 1f 20 03 d5 1f 20 03 d5
0x000000019d7b57c8:   1f 20 03 d5 1f 20 03 d5 1f 20 03 d5 1f 20 03 d5
0x000000019d7b57d8:   1f 20 03 d5 1f 20 03 d5 1f 20 03 d5 1f 20 03 d5
0x000000019d7b57e8:   1f 20 03 d5 1f 20 03 d5 1f 20 03 d5 1f 20 03 d5
0x000000019d7b57f8:   1f 20 03 d5 1f 20 03 d5 1f 00 00 f1 cd 03 00 54
0x000000019d7b5808:   0e 00 40 f9 d0 cd 7d 92 ea 03 00 aa 2a 5c ed f2
0x000000019d7b5818:   50 19 c1 da ef 03 10 aa 0a 0a 40 f9 4b fd 70 d3
0x000000019d7b5828:   4a bd 40 92 2c 00 0b 0a 4d 11 0c 8b b1 25 ff a8
0x000000019d7b5838:   3f 01 01 eb 81 00 00 54 4a 01 01 ca 4a 01 10 ca
0x000000019d7b5848:   2a 0e 1f d7 a9 17 00 b4 bf 01 0a eb 02 ff ff 54
0x000000019d7b5858:   4d 51 2b 8b 4c 11 0c 8b b1 25 ff a8 3f 01 01 eb
0x000000019d7b5868:   c0 fe ff 54 3f 01 00 f1 a0 11 4c fa 68 ff ff 54
0x000000019d7b5878:   b2 00 00 14 a0 01 00 54 0a 08 40 92 0b fc 77 93
0x000000019d7b5888:   5f 1d 00 f1 6c 01 8a 9a ea e9 34 b0 4a 81 07 91
0x000000019d7b5898:   4a 0d 0c 8b 4e 01 40 f9 f0 03 0e aa aa f3 f1 f2
0x000000019d7b58a8:   50 1d c1 da dc ff ff 17 01 00 80 d2 00 e4 00 2f
0x000000019d7b58b8:   01 e4 00 2f 02 e4 00 2f 03 e4 00 2f c0 03 5f d6
0x000000019d7b58c8:   1f 20 03 d5 1f 20 03 d5 1f 20 03 d5 1f 20 03 d5
0x000000019d7b58d8:   1f 20 03 d5 1f 20 03 d5 1f 00 00 f1 ad 04 00 54
0x000000019d7b58e8:   0d 00 40 f9 b0 cd 7d 92 ea 03 00 aa 2a 5c ed f2
0x000000019d7b58f8:   50 19 c1 da ef 03 10 aa 0a 0a 40 f9 4b fd 70 d3 


Stack slot to memory mapping:

stack at sp + 0 slots: 0x00006000011afed0 points into unknown readable memory: 0x0000d23cce33fed0 | d0 fe 33 ce 3c d2 00 00
stack at sp + 1 slots: 0x00006000020e0090 points into unknown readable memory: 0x0100000207513861 | 61 38 51 07 02 00 00 01
stack at sp + 2 slots: 0x00000003ee99a780 is pointing into the stack for thread: 0x000000015502f600
stack at sp + 3 slots: 0x00000003df5bc8a4: _ZN2cv17AVIWriteContainer12jflushStreamEji+0x22cc in /Users/ethan/.javacpp/cache/opencv-4.5.5-1.5.7-macosx-arm64.jar/org/bytedeco/opencv/macosx-arm64/libopencv_videoio.405.dylib at 0x00000003df58c000
stack at sp + 4 slots: 0x00000003ee99a830 is pointing into the stack for thread: 0x000000015502f600
stack at sp + 5 slots: 0x0000600003d5d560 points into unknown readable memory: 0x00000003df5c8500 | 00 85 5c df 03 00 00 00
stack at sp + 6 slots: 0x00000003ee99a790 is pointing into the stack for thread: 0x000000015502f600
stack at sp + 7 slots: 0x00000003df59c234: cvGrabFrame+0x18 in /Users/ethan/.javacpp/cache/opencv-4.5.5-1.5.7-macosx-arm64.jar/org/bytedeco/opencv/macosx-arm64/libopencv_videoio.405.dylib at 0x00000003df58c000


Compiled method (n/a) 68757 3035     n 0       org.bytedeco.opencv.opencv_videoio.VideoCapture::grab (native)
 total in heap  [0x00000001168b5d10,0x00000001168b6088] = 888
 relocation     [0x00000001168b5e60,0x00000001168b5e88] = 40
 main code      [0x00000001168b5ec0,0x00000001168b6078] = 440
 oops           [0x00000001168b6078,0x00000001168b6080] = 8
 metadata       [0x00000001168b6080,0x00000001168b6088] = 8

[Constant Pool (empty)]

[MachCode]
[Entry Point]
  # {method} {0x000000012526ad18} 'grab' '()Z' in 'org/bytedeco/opencv/opencv_videoio/VideoCapture'
  #           [sp+0x60]  (sp of caller)
  0x00000001168b5ec0: 2808 40b9 | 3f01 086b | 4000 0054 

  0x00000001168b5ecc: ;   {runtime_call ic_miss_stub}
  0x00000001168b5ecc: ed07 e617 
[Verified Entry Point]
  0x00000001168b5ed0: 1f20 03d5 | e953 40d1 | 3f01 00f9 | fd7b bfa9 | fd03 0091 | ff43 01d1 | 2801 0018 | 8923 40b9 
  0x00000001168b5ef0: 1f01 09eb | e000 0054 | 0830 83d2 | 88c4 a2f2 | 2800 c0f2 | 0001 3fd6 | 0200 0014 | 0400 0000 
  0x00000001168b5f10: e103 00f9 | 3f00 1feb | e103 00d1 | e103 819a | e801 0010 | 88d3 01f9 | e803 0091 | 88cf 01f9 
  0x00000001168b5f30: ;   {external_word}
  0x00000001168b5f30: 482c f7f0 | 0805 7939 | c806 0035 | 80e3 0e91 | e803 7eb2 | 8913 1191 | 28fd 9f88 

  0x00000001168b5f4c: ;   {runtime_call Java_org_bytedeco_opencv_opencv_1videoio_VideoCapture_grab}
  0x00000001168b5f4c: 081b 86d2 | 28e1 bbf2 | 6800 c0f2 | 0001 3fd6 | 1f1c 40f2 | e007 9f9a | a800 80d2 | 8847 04b9 
  0x00000001168b5f6c: bf3b 03d5 | 8823 1191 | 08fd dfc8 | bf03 08eb | a803 0054 | 8843 44b9 | 6803 0035 | e803 7db2 
  0x00000001168b5f8c: 8913 1191 | 28fd 9f88 | 8803 5339 | 1f09 0071 | c001 0054 

  0x00000001168b5fa0: ;   {external_word}
  0x00000001168b5fa0: 482c f7f0 | 0805 7939 | e804 0035 | 9fcf 01f9 | 9fd3 01f9 | 8217 42f9 | 5f80 00f9 | bf03 0091 
  0x00000001168b5fc0: fd7b c1a8 | 8807 40f9 | 4800 00b5 | c003 5fd6 

  0x00000001168b5fd0: ;   {runtime_call StubRoutines (initial stubs)}
  0x00000001168b5fd0: 2c18 e517 | a083 1ff8 

  0x00000001168b5fd8: ;   {runtime_call SharedRuntime::reguard_yellow_pages()}
  0x00000001168b5fd8: 8823 9ed2 | 6893 a0f2 | 2800 c0f2 | 0001 3fd6 | a083 5ff8 | edff ff17 | a083 1ff8 | e003 1caa 
  0x00000001168b5ff8: ;   {runtime_call JavaThread::check_special_condition_for_native_trans(JavaThread*)}
  0x00000001168b5ff8: 0870 8bd2 | 688b a0f2 | 2800 c0f2 | 0001 3fd6 | a083 5ff8 | dfff ff17 | e17f bfa9 

  0x00000001168b6014: ;   {metadata({method} {0x000000012526ad18} 'grab' '()Z' in 'org/bytedeco/opencv/opencv_videoio/VideoCapture')}
  0x00000001168b6014: 01a3 95d2 | c1a4 a4f2 | 2100 c0f2 | e003 1caa | e833 bfa9 | 88d4 99d2 | 6893 a0f2 | 2800 c0f2 
  0x00000001168b6034: 0001 3fd6 | e833 c1a8 | e17f c1a8 | bfff ff17 | a083 1ff8 

  0x00000001168b6048: ;   {metadata({method} {0x000000012526ad18} 'grab' '()Z' in 'org/bytedeco/opencv/opencv_videoio/VideoCapture')}
  0x00000001168b6048: 01a3 95d2 | c1a4 a4f2 | 2100 c0f2 | e003 1caa | e833 bfa9 | 08f2 99d2 | 6893 a0f2 | 2800 c0f2 
  0x00000001168b6068: 0001 3fd6 | e833 c1a8 | a083 5ff8 | ceff ff17 
[/MachCode]


Compiled method (c1) 68760 3293       3       org.bytedeco.javacv.OpenCVFrameGrabber::grab (255 bytes)
 total in heap  [0x000000010f38bd90,0x000000010f38e360] = 9680
 relocation     [0x000000010f38bee0,0x000000010f38c290] = 944
 main code      [0x000000010f38c2c0,0x000000010f38d608] = 4936
 stub code      [0x000000010f38d608,0x000000010f38da70] = 1128
 oops           [0x000000010f38da70,0x000000010f38da98] = 40
 metadata       [0x000000010f38da98,0x000000010f38dbd8] = 320
 scopes data    [0x000000010f38dbd8,0x000000010f38ded0] = 760
 scopes pcs     [0x000000010f38ded0,0x000000010f38e2d0] = 1024
 dependencies   [0x000000010f38e2d0,0x000000010f38e2e0] = 16
 nul chk table  [0x000000010f38e2e0,0x000000010f38e360] = 128

[Constant Pool (empty)]

[MachCode]
[Entry Point]
  # {method} {0x000000012525def8} 'grab' '()Lorg/bytedeco/javacv/Frame;' in 'org/bytedeco/javacv/OpenCVFrameGrabber'
  #           [sp+0x120]  (sp of caller)
  0x000000010f38c2c0: 2808 40b9 | 3f01 086b | c001 0054 

  0x000000010f38c2cc: ;   {runtime_call ic_miss_stub}
  0x000000010f38c2cc: edae ba15 | 1f20 03d5 | 1f20 03d5 | 1f20 03d5 | 1f20 03d5 | 1f20 03d5 | 1f20 03d5 | 1f20 03d5 
  0x000000010f38c2ec: 1f20 03d5 | 1f20 03d5 | 1f20 03d5 | 1f20 03d5 | 1f20 03d5 
[Verified Entry Point]
  0x000000010f38c300: 1f20 03d5 | e953 40d1 | 3f01 00f9 | ff83 04d1 | fd7b 11a9 | 2801 0018 | 8923 40b9 | 1f01 09eb 
  0x000000010f38c320: e000 0054 | 0830 83d2 | 88c4 a2f2 | 2800 c0f2 | 0001 3fd6 | 0200 0014 | 0400 0000 | e163 00f9 
  0x000000010f38c340: ;   {metadata(method data for {method} {0x000000012525def8} 'grab' '()Lorg/bytedeco/javacv/Frame;' in 'org/bytedeco/javacv/OpenCVFrameGrabber')}
  0x000000010f38c340: 0242 84d2 | 02a8 a4f2 | 2200 c0f2 | 40ac 40b9 | 0008 0011 | 40ac 00b9 | 0024 1f12 | 1f00 0071 
  0x000000010f38c360: 6082 0054 | 20d8 40b9 | 00f0 7dd3 | 22e4 40b9 | 42f0 7dd3 

  0x000000010f38c374: ; implicit exception: dispatches to 0x000000010f38d3cc
  0x000000010f38c374: 1f00 40f9 | e303 00aa 

  0x000000010f38c37c: ;   {metadata(method data for {method} {0x000000012525def8} 'grab' '()Lorg/bytedeco/javacv/Frame;' in 'org/bytedeco/javacv/OpenCVFrameGrabber')}
  0x000000010f38c37c: 0442 84d2 | 04a8 a4f2 | 2400 c0f2 

  0x000000010f38c388: ;   {metadata('org/bytedeco/opencv/opencv_videoio/VideoCapture')}
  0x000000010f38c388: 08a5 8ad2 | 0824 a0f2 | 080e c0f2 | 8900 0491 | 2801 00f9 | 8884 40f9 | 0805 0091 | 8884 00f9 
  0x000000010f38c3a8: e103 00aa 

  0x000000010f38c3ac: ; ImmutableOopMap {[192]=Oop }
                      ;*invokevirtual retrieve {reexecute=0 rethrow=0 return_oop=0}
                      ; - org.bytedeco.javacv.OpenCVFrameGrabber::grab@8 (line 293)
                      ;   {optimized virtual_call}
  0x000000010f38c3ac: c9a7 d495 

  0x000000010f38c3b0: ;   {other}
  0x000000010f38c3b0: 1f20 03d5 | 1fc4 80f2 | 1f00 80f2 | 1f00 0071 

  0x000000010f38c3c0: ;   {metadata(method data for {method} {0x000000012525def8} 'grab' '()Lorg/bytedeco/javacv/Frame;' in 'org/bytedeco/javacv/OpenCVFrameGrabber')}
  0x000000010f38c3c0: 0142 84d2 | 01a8 a4f2 | 2100 c0f2 | 0827 80d2 | 0925 80d2 | 0001 899a | 2268 60f8 | 4204 0091 
  0x000000010f38c3e0: 2268 20f8 | c079 0054 | e163 40f9 | 2034 4239 | 1f00 0071 

  0x000000010f38c3f4: ;   {metadata(method data for {method} {0x000000012525def8} 'grab' '()Lorg/bytedeco/javacv/Frame;' in 'org/bytedeco/javacv/OpenCVFrameGrabber')}
  0x000000010f38c3f4: 0042 84d2 | 00a8 a4f2 | 2000 c0f2 | 082b 80d2 | 092d 80d2 | 0211 899a | 0368 62f8 | 6304 0091 
  0x000000010f38c414: 0368 22f8 | 2104 0054 | 20d8 40b9 | 00f0 7dd3 

  0x000000010f38c424: ; implicit exception: dispatches to 0x000000010f38d3d0
  0x000000010f38c424: 1f00 40f9 | e203 00aa 

  0x000000010f38c42c: ;   {metadata(method data for {method} {0x000000012525def8} 'grab' '()Lorg/bytedeco/javacv/Frame;' in 'org/bytedeco/javacv/OpenCVFrameGrabber')}
  0x000000010f38c42c: 0342 84d2 | 03a8 a4f2 | 2300 c0f2 

  0x000000010f38c438: ;   {metadata('org/bytedeco/opencv/opencv_videoio/VideoCapture')}
  0x000000010f38c438: 08a5 8ad2 | 0824 a0f2 | 080e c0f2 | 6920 0691 | 2801 00f9 | 68c8 40f9 | 0805 0091 | 68c8 00f9 
  0x000000010f38c458: e103 00aa 

  0x000000010f38c45c: ; ImmutableOopMap {[192]=Oop }
                      ;*invokevirtual grab {reexecute=0 rethrow=0 return_oop=0}
                      ; - org.bytedeco.javacv.OpenCVFrameGrabber::grab@35 (line 297)
                      ;   {optimized virtual_call}
  0x000000010f38c45c: 9da6 d495 

  0x000000010f38c460: ;   {other}
  0x000000010f38c460: 1f20 03d5 | 1fda 80f2 | 1f20 80f2 | 1f00 0071 

  0x000000010f38c470: ;   {metadata(method data for {method} {0x000000012525def8} 'grab' '()Lorg/bytedeco/javacv/Frame;' in 'org/bytedeco/javacv/OpenCVFrameGrabber')}
  0x000000010f38c470: 0142 84d2 | 01a8 a4f2 | 2100 c0f2 | e80b 7ab2 | 0936 80d2 | 0001 899a | 2268 60f8 | 4204 0091 
  0x000000010f38c490: 2268 20f8 | c06f 0054 | e163 40f9 | 209c 40b9 | 00f0 7dd3 

  0x000000010f38c4a4: ;   {oop(a 'org/bytedeco/javacv/FrameGrabber$ImageMode'{0x0000000703a9f650})}
  0x000000010f38c4a4: 02ca 9ed2 | 2275 a0f2 | e200 c0f2 | 1f00 02eb 

  0x000000010f38c4b4: ;   {metadata(method data for {method} {0x000000012525def8} 'grab' '()Lorg/bytedeco/javacv/Frame;' in 'org/bytedeco/javacv/OpenCVFrameGrabber')}
  0x000000010f38c4b4: 0042 84d2 | 00a8 a4f2 | 2000 c0f2 | e80f 7bb2 | e913 7cb2 | 0211 899a | 0368 62f8 | 6304 0091 
  0x000000010f38c4d4: 0368 22f8 | 2104 0054 | 20e4 40b9 | 00f0 7dd3 

  0x000000010f38c4e4: ; implicit exception: dispatches to 0x000000010f38d3d4
  0x000000010f38c4e4: 1f00 40f9 | e203 00aa 

  0x000000010f38c4ec: ;   {metadata(method data for {method} {0x000000012525def8} 'grab' '()Lorg/bytedeco/javacv/Frame;' in 'org/bytedeco/javacv/OpenCVFrameGrabber')}
  0x000000010f38c4ec: 0342 84d2 | 03a8 a4f2 | 2300 c0f2 

  0x000000010f38c4f8: ;   {metadata('org/bytedeco/opencv/opencv_core/Mat')}
  0x000000010f38c4f8: 088a 90d2 | 8823 a0f2 | 080e c0f2 | 6940 0891 | 2801 00f9 | 680c 41f9 | 0805 0091 | 680c 01f9 
  0x000000010f38c518: e103 00aa 

  0x000000010f38c51c: ; ImmutableOopMap {[192]=Oop }
                      ;*invokevirtual channels {reexecute=0 rethrow=0 return_oop=0}
                      ; - org.bytedeco.javacv.OpenCVFrameGrabber::grab@65 (line 302)
                      ;   {optimized virtual_call}
  0x000000010f38c51c: 19af ba95 

  0x000000010f38c520: ;   {other}
  0x000000010f38c520: 1f20 03d5 | 1ff2 80f2 | 1f40 80f2 | 1f04 0071 

  0x000000010f38c530: ;   {metadata(method data for {method} {0x000000012525def8} 'grab' '()Lorg/bytedeco/javacv/Frame;' in 'org/bytedeco/javacv/OpenCVFrameGrabber')}
  0x000000010f38c530: 0142 84d2 | 01a8 a4f2 | 2100 c0f2 | 0849 80d2 | 0947 80d2 | 00c1 899a | 2268 60f8 | 4204 0091 
  0x000000010f38c550: 2268 20f8 | e163 40f9 | 6c31 0054 | 209c 40b9 | 00f0 7dd3 

  0x000000010f38c564: ;   {oop(a 'org/bytedeco/javacv/FrameGrabber$ImageMode'{0x0000000703a9f668})}
  0x000000010f38c564: 02cd 9ed2 | 2275 a0f2 | e200 c0f2 | 1f00 02eb 

  0x000000010f38c574: ;   {metadata(method data for {method} {0x000000012525def8} 'grab' '()Lorg/bytedeco/javacv/Frame;' in 'org/bytedeco/javacv/OpenCVFrameGrabber')}
  0x000000010f38c574: 0042 84d2 | 00a8 a4f2 | 2000 c0f2 | 086b 80d2 | 096d 80d2 | 0211 899a | 0368 62f8 | 6304 0091 
  0x000000010f38c594: 0368 22f8 | c160 0054 | 20e4 40b9 | 00f0 7dd3 

  0x000000010f38c5a4: ; implicit exception: dispatches to 0x000000010f38d3d8
  0x000000010f38c5a4: 1f00 40f9 | e203 00aa 

  0x000000010f38c5ac: ;   {metadata(method data for {method} {0x000000012525def8} 'grab' '()Lorg/bytedeco/javacv/Frame;' in 'org/bytedeco/javacv/OpenCVFrameGrabber')}
  0x000000010f38c5ac: 0342 84d2 | 03a8 a4f2 | 2300 c0f2 

  0x000000010f38c5b8: ;   {metadata('org/bytedeco/opencv/opencv_core/Mat')}
  0x000000010f38c5b8: 088a 90d2 | 8823 a0f2 | 080e c0f2 | 6920 0e91 | 2801 00f9 | 68c8 41f9 | 0805 0091 | 68c8 01f9 
  0x000000010f38c5d8: e103 00aa 

  0x000000010f38c5dc: ; ImmutableOopMap {[192]=Oop }
                      ;*invokevirtual channels {reexecute=0 rethrow=0 return_oop=0}
                      ; - org.bytedeco.javacv.OpenCVFrameGrabber::grab@157 (line 308)
                      ;   {optimized virtual_call}
  0x000000010f38c5dc: fd8f d495 

  0x000000010f38c5e0: ;   {other}
  0x000000010f38c5e0: 1f20 03d5 | 1f0a 81f2 | 1f60 80f2 | 1f04 0071 

  0x000000010f38c5f0: ;   {metadata(method data for {method} {0x000000012525def8} 'grab' '()Lorg/bytedeco/javacv/Frame;' in 'org/bytedeco/javacv/OpenCVFrameGrabber')}
  0x000000010f38c5f0: 0342 84d2 | 03a8 a4f2 | 2300 c0f2 | 0876 80d2 | e90f 7ab2 | 0011 899a | 6468 60f8 | 8404 0091 
  0x000000010f38c610: 6468 20f8 | e163 40f9 | c15c 0054 | 23dc 40b9 | 63f0 7dd3 | e003 1faa | 7f00 00eb 

  0x000000010f38c62c: ;   {metadata(method data for {method} {0x000000012525def8} 'grab' '()Lorg/bytedeco/javacv/Frame;' in 'org/bytedeco/javacv/OpenCVFrameGrabber')}
  0x000000010f38c62c: 0342 84d2 | 03a8 a4f2 | 2300 c0f2 | 087a 80d2 | e913 7bb2 | 0011 899a | 6468 60f8 | 8404 0091 
  0x000000010f38c64c: 6468 20f8 | e157 0054 

  0x000000010f38c654: ;   {metadata('org/bytedeco/opencv/opencv_core/Mat')}
  0x000000010f38c654: 038a 90d2 | 8323 a0f2 | 030e c0f2 | 80df 40f9 | 0be0 0091 | 88e7 40f9 | 7f01 08eb | 686b 0054 
  0x000000010f38c674: 8bdf 00f9 | ea03 40b2 | 0a00 00f9 | 6a08 5cd2 | 0a7c 0129 | 0a40 0091 | 5f01 00f9 | 5ffd 00a9 
  0x000000010f38c694: 5ffd 01a9 | bf3a 03d5 | f303 1e32 

  0x000000010f38c6a0: ;   {metadata({type array int})}
  0x000000010f38c6a0: 03c7 84d2 | 0300 a0f2 | 030e c0f2 | e06b 00f9 | 737e 40d3 | e503 13aa | e85f 40b2 | 7f02 08eb 
  0x000000010f38c6c0: 2269 0054 | eb02 80d2 | 6b49 338b | 6bf1 7d92 | 80df 40f9 | 0b60 2b8b | 88e7 40f9 | 7f01 08eb 
  0x000000010f38c6e0: 2868 0054 | 8bdf 00f9 | 6b01 00cb | ea03 40b2 | 0a00 00f9 | 6a08 5cd2 | 0a4c 0129 | 6b41 00f1 
  0x000000010f38c700: c001 0054 | e803 0baa | 0a40 0091 | 0bfd 43d3 | 6821 00f1 | 4300 0054 

  0x000000010f38c718: ;   {runtime_call StubRoutines (final stubs)}
  0x000000010f38c718: cacb ba95 | 6b00 1036 | 5f7d 81a8 | 5f7d 81a8 | 4b00 0836 | 5f7d 81a8 | 4b00 0036 | 5f01 00f9 
  0x000000010f38c738: bf3a 03d5 | e067 00f9 | 23e4 40b9 | 63f0 7dd3 

  0x000000010f38c748: ; implicit exception: dispatches to 0x000000010f38d3ec
  0x000000010f38c748: 7f00 40f9 | e403 03aa 

  0x000000010f38c750: ;   {metadata(method data for {method} {0x000000012525def8} 'grab' '()Lorg/bytedeco/javacv/Frame;' in 'org/bytedeco/javacv/OpenCVFrameGrabber')}
  0x000000010f38c750: 0542 84d2 | 05a8 a4f2 | 2500 c0f2 

  0x000000010f38c75c: ;   {metadata('org/bytedeco/opencv/opencv_core/Mat')}
  0x000000010f38c75c: 088a 90d2 | 8823 a0f2 | 080e c0f2 | a900 1091 | 2801 00f9 | a804 42f9 | 0805 0091 | a804 02f9 
  0x000000010f38c77c: e103 03aa 

  0x000000010f38c780: ; ImmutableOopMap {[192]=Oop [200]=Oop [208]=Oop }
                      ;*invokevirtual rows {reexecute=0 rethrow=0 return_oop=0}
                      ; - org.bytedeco.javacv.OpenCVFrameGrabber::grab@185 (line 310)
                      ;   {optimized virtual_call}
  0x000000010f38c780: 80ae ba95 

  0x000000010f38c784: ;   {other}
  0x000000010f38c784: 1f20 03d5 | 9f3e 81f2 | 1f80 80f2 | e267 40f9 | 4010 00b9 | e163 40f9 | 20e4 40b9 | 00f0 7dd3 
  0x000000010f38c7a4: ; implicit exception: dispatches to 0x000000010f38d3f0
  0x000000010f38c7a4: 1f00 40f9 | e303 00aa 

  0x000000010f38c7ac: ;   {metadata(method data for {method} {0x000000012525def8} 'grab' '()Lorg/bytedeco/javacv/Frame;' in 'org/bytedeco/javacv/OpenCVFrameGrabber')}
  0x000000010f38c7ac: 0442 84d2 | 04a8 a4f2 | 2400 c0f2 

  0x000000010f38c7b8: ;   {metadata('org/bytedeco/opencv/opencv_core/Mat')}
  0x000000010f38c7b8: 088a 90d2 | 8823 a0f2 | 080e c0f2 | 89e0 1091 | 2801 00f9 | 8820 42f9 | 0805 0091 | 8820 02f9 
  0x000000010f38c7d8: e103 00aa 

  0x000000010f38c7dc: ; ImmutableOopMap {[192]=Oop [200]=Oop [208]=Oop }
                      ;*invokevirtual cols {reexecute=0 rethrow=0 return_oop=0}
                      ; - org.bytedeco.javacv.OpenCVFrameGrabber::grab@195 (line 310)
                      ;   {optimized virtual_call}
  0x000000010f38c7dc: 69ae ba95 

  0x000000010f38c7e0: ;   {other}
  0x000000010f38c7e0: 1f20 03d5 | 1f4a 81f2 | 1fa0 80f2 | e267 40f9 | 4014 00b9 | e163 40f9 | 20e4 40b9 | 00f0 7dd3 
  0x000000010f38c800: ; implicit exception: dispatches to 0x000000010f38d3f4
  0x000000010f38c800: 1f00 40f9 | e303 00aa 

  0x000000010f38c808: ;   {metadata(method data for {method} {0x000000012525def8} 'grab' '()Lorg/bytedeco/javacv/Frame;' in 'org/bytedeco/javacv/OpenCVFrameGrabber')}
  0x000000010f38c808: 0442 84d2 | 04a8 a4f2 | 2400 c0f2 

  0x000000010f38c814: ;   {metadata('org/bytedeco/opencv/opencv_core/Mat')}
  0x000000010f38c814: 088a 90d2 | 8823 a0f2 | 080e c0f2 | 89c0 1191 | 2801 00f9 | 883c 42f9 | 0805 0091 | 883c 02f9 
  0x000000010f38c834: e103 00aa 

  0x000000010f38c838: ; ImmutableOopMap {[192]=Oop [200]=Oop [208]=Oop }
                      ;*invokevirtual depth {reexecute=0 rethrow=0 return_oop=0}
                      ; - org.bytedeco.javacv.OpenCVFrameGrabber::grab@205 (line 310)
                      ;   {optimized virtual_call}
  0x000000010f38c838: 52ae ba95 

  0x000000010f38c83c: ;   {other}
  0x000000010f38c83c: 1f20 03d5 | 9f55 81f2 | 1fc0 80f2 | e367 40f9 | 6018 00b9 | e207 0032 | 621c 00b9 | e06b 40f9 
  0x000000010f38c85c: ;   {metadata(method data for {method} {0x000000012525def8} 'grab' '()Lorg/bytedeco/javacv/Frame;' in 'org/bytedeco/javacv/OpenCVFrameGrabber')}
  0x000000010f38c85c: 0242 84d2 | 02a8 a4f2 | 2200 c0f2 | 484c 42f9 | 0805 0091 | 484c 02f9 

  0x000000010f38c874: ;   {metadata(method data for {method} {0x000000012511a130} '<init>' '([I)V' in 'org/bytedeco/opencv/opencv_core/Mat')}
  0x000000010f38c874: 02fa 84d2 | 02a8 a4f2 | 2200 c0f2 | 41ac 40b9 | 2108 0011 | 41ac 00b9 | 214c 1f12 | 3f00 0071 
  0x000000010f38c894: 205b 0054 | e06b 40f9 

  0x000000010f38c89c: ;   {metadata(method data for {method} {0x000000012511a130} '<init>' '([I)V' in 'org/bytedeco/opencv/opencv_core/Mat')}
  0x000000010f38c89c: 02fa 84d2 | 02a8 a4f2 | 2200 c0f2 | 4878 40f9 | 0805 0091 | 4878 00f9 

  0x000000010f38c8b4: ;   {metadata(method data for {method} {0x0000000125116ed0} '<init>' '(III)V' in 'org/bytedeco/opencv/opencv_core/Mat')}
  0x000000010f38c8b4: 0233 85d2 | 02a8 a4f2 | 2200 c0f2 | 41ac 40b9 | 2108 0011 | 41ac 00b9 | 214c 1f12 | 3f00 0071 
  0x000000010f38c8d4: 205a 0054 | e06b 40f9 

  0x000000010f38c8dc: ;   {metadata(method data for {method} {0x0000000125116ed0} '<init>' '(III)V' in 'org/bytedeco/opencv/opencv_core/Mat')}
  0x000000010f38c8dc: 0233 85d2 | 02a8 a4f2 | 2200 c0f2 | 4894 40f9 | 0805 0091 | 4894 00f9 

  0x000000010f38c8f4: ;   {metadata(method data for {method} {0x0000000125123cd8} '<init>' '(Lorg/bytedeco/javacpp/Pointer;)V' in 'org/bytedeco/opencv/opencv_core/AbstractMat')}
  0x000000010f38c8f4: 0267 85d2 | 02a8 a4f2 | 2200 c0f2 | 41ac 40b9 | 2108 0011 | 41ac 00b9 | 214c 1f12 | 3f00 0071 
  0x000000010f38c914: 2059 0054 | e06b 40f9 

  0x000000010f38c91c: ;   {metadata(method data for {method} {0x0000000125123cd8} '<init>' '(Lorg/bytedeco/javacpp/Pointer;)V' in 'org/bytedeco/opencv/opencv_core/AbstractMat')}
  0x000000010f38c91c: 0267 85d2 | 02a8 a4f2 | 2200 c0f2 | 4878 40f9 | 0805 0091 | 4878 00f9 

  0x000000010f38c934: ;   {metadata(method data for {method} {0x0000000124c83f90} '<init>' '(Lorg/bytedeco/javacpp/Pointer;)V' in 'org/bytedeco/opencv/opencv_core/AbstractArray')}
  0x000000010f38c934: 028c 85d2 | 02a8 a4f2 | 2200 c0f2 | 41ac 40b9 | 2108 0011 | 41ac 00b9 | 214c 1f12 | 3f00 0071 
  0x000000010f38c954: 2058 0054 | e06b 40f9 

  0x000000010f38c95c: ;   {metadata(method data for {method} {0x0000000124c83f90} '<init>' '(Lorg/bytedeco/javacpp/Pointer;)V' in 'org/bytedeco/opencv/opencv_core/AbstractArray')}
  0x000000010f38c95c: 028c 85d2 | 02a8 a4f2 | 2200 c0f2 | 4878 40f9 | 0805 0091 | 4878 00f9 | e203 1faa | e16b 40f9 
  0x000000010f38c97c: ; ImmutableOopMap {[192]=Oop [200]=Oop [208]=Oop }
                      ;*invokespecial <init> {reexecute=0 rethrow=0 return_oop=0}
                      ; - org.bytedeco.opencv.opencv_core.AbstractArray::<init>@2 (line 19)
                      ; - org.bytedeco.opencv.opencv_core.AbstractMat::<init>@2 (line 11)
                      ; - org.bytedeco.opencv.opencv_core.Mat::<init>@5 (line 241)
                      ; - org.bytedeco.opencv.opencv_core.Mat::<init>@7 (line 392)
                      ; - org.bytedeco.javacv.OpenCVFrameGrabber::grab@213 (line 310)
                      ;   {optimized virtual_call}
  0x000000010f38c97c: 01ae ba95 

  0x000000010f38c980: ;   {other}
  0x000000010f38c980: 1f20 03d5 | 1f7e 81f2 | 1fe0 80f2 | e06b 40f9 

  0x000000010f38c990: ;   {metadata(method data for {method} {0x0000000125116ed0} '<init>' '(III)V' in 'org/bytedeco/opencv/opencv_core/Mat')}
  0x000000010f38c990: 0233 85d2 | 02a8 a4f2 | 2200 c0f2 | 489c 40f9 | 0805 0091 | 489c 00f9 | e203 1e32 | e303 0032 
  0x000000010f38c9b0: e403 1e32 | e16b 40f9 

  0x000000010f38c9b8: ; ImmutableOopMap {[192]=Oop [200]=Oop [208]=Oop }
                      ;*invokespecial allocate {reexecute=0 rethrow=0 return_oop=0}
                      ; - org.bytedeco.opencv.opencv_core.Mat::<init>@12 (line 241)
                      ; - org.bytedeco.opencv.opencv_core.Mat::<init>@7 (line 392)
                      ; - org.bytedeco.javacv.OpenCVFrameGrabber::grab@213 (line 310)
                      ;   {optimized virtual_call}
  0x000000010f38c9b8: f2ad ba95 

  0x000000010f38c9bc: ;   {other}
  0x000000010f38c9bc: 1f20 03d5 | 9f85 81f2 | 1f00 81f2 

  0x000000010f38c9c8: ; ImmutableOopMap {[192]=Oop [200]=Oop [208]=Oop }
                      ;*new {reexecute=0 rethrow=0 return_oop=0}
                      ; - org.bytedeco.opencv.opencv_core.Mat::<init>@10 (line 392)
                      ; - org.bytedeco.javacv.OpenCVFrameGrabber::grab@213 (line 310)
                      ;   {runtime_call load_mirror_patching Runtime1 stub}
  0x000000010f38c9c8: ee17 be95 | 6884 4439 | 1f11 0071 

  0x000000010f38c9d4: ; implicit exception: dispatches to 0x000000010f38d478
  0x000000010f38c9d4: 4155 0054 | 80df 40f9 | 0bc0 0091 | 88e7 40f9 | 7f01 08eb | a854 0054 | 8bdf 00f9 | ea03 40b2 
  0x000000010f38c9f4: 0a00 00f9 | 6a08 5cd2 | 0a7c 0129 | 0a40 0091 | 5f7d 00a9 | 5f7d 01a9 | bf3a 03d5 | e16b 40f9 
  0x000000010f38ca14: ;   {metadata(method data for {method} {0x000000012511a130} '<init>' '([I)V' in 'org/bytedeco/opencv/opencv_core/Mat')}
  0x000000010f38ca14: 02fa 84d2 | 02a8 a4f2 | 2200 c0f2 

  0x000000010f38ca20: ;   {metadata('org/bytedeco/opencv/opencv_core/Mat')}
  0x000000010f38ca20: 088a 90d2 | 8823 a0f2 | 080e c0f2 | 4940 0491 | 2801 00f9 | 488c 40f9 | 0805 0091 | 488c 00f9 
  0x000000010f38ca40: e16b 40f9 | e06f 00f9 

  0x000000010f38ca48: ; ImmutableOopMap {[192]=Oop [200]=Oop [208]=Oop [216]=Oop }
                      ;*invokevirtual data {reexecute=0 rethrow=0 return_oop=0}
                      ; - org.bytedeco.opencv.opencv_core.Mat::<init>@15 (line 392)
                      ; - org.bytedeco.javacv.OpenCVFrameGrabber::grab@213 (line 310)
                      ;   {optimized virtual_call}
  0x000000010f38ca48: cead ba95 

  0x000000010f38ca4c: ;   {other}
  0x000000010f38ca4c: 1f20 03d5 | 9f97 81f2 | 1f40 81f2 | e26f 40f9 

  0x000000010f38ca5c: ;   {metadata(method data for {method} {0x000000012511a130} '<init>' '([I)V' in 'org/bytedeco/opencv/opencv_core/Mat')}
  0x000000010f38ca5c: 01fa 84d2 | 01a8 a4f2 | 2100 c0f2 | 289c 40f9 | 0805 0091 | 289c 00f9 | e203 00aa | e16f 40f9 
  0x000000010f38ca7c: ; ImmutableOopMap {[192]=Oop [200]=Oop [208]=Oop [216]=Oop }
                      ;*invokespecial <init> {reexecute=0 rethrow=0 return_oop=0}
                      ; - org.bytedeco.opencv.opencv_core.Mat::<init>@18 (line 392)
                      ; - org.bytedeco.javacv.OpenCVFrameGrabber::grab@213 (line 310)
                      ;   {optimized virtual_call}
  0x000000010f38ca7c: c1ad ba95 

  0x000000010f38ca80: ;   {other}
  0x000000010f38ca80: 1f20 03d5 | 1f9e 81f2 | 1f60 81f2 | e06f 40f9 

  0x000000010f38ca90: ;   {metadata(method data for {method} {0x000000012511a130} '<init>' '([I)V' in 'org/bytedeco/opencv/opencv_core/Mat')}
  0x000000010f38ca90: 02fa 84d2 | 02a8 a4f2 | 2200 c0f2 | 0008 40b9 | 0008 5cd2 | 4960 0591 | 2801 40f9 | 1f00 08eb 
  0x000000010f38cab0: a100 0054 | 48b0 40f9 | 0805 0091 | 48b0 00f9 | 1c00 0014 | 49a0 0591 | 2801 40f9 | 1f00 08eb 
  0x000000010f38cad0: a100 0054 | 48b8 40f9 | 0805 0091 | 48b8 00f9 | 1400 0014 | 4960 0591 | 2801 40f9 | c800 00b5 
  0x000000010f38caf0: 2001 00f9 | e803 40b2 | 4980 0591 | 2801 00f9 | 0c00 0014 | 49a0 0591 | 2801 40f9 | c800 00b5 
  0x000000010f38cb10: 2001 00f9 | e803 40b2 | 49c0 0591 | 2801 00f9 | 0400 0014 | 48a4 40f9 | 0805 0091 | 48a4 00f9 
  0x000000010f38cb30: e267 40f9 | e16f 40f9 | e9ff 9fd2 | e9ff bff2 | e9ff dff2 

  0x000000010f38cb44: ; ImmutableOopMap {[192]=Oop [208]=Oop }
                      ;*invokevirtual put {reexecute=0 rethrow=0 return_oop=0}
                      ; - org.bytedeco.opencv.opencv_core.Mat::<init>@22 (line 392)
                      ; - org.bytedeco.javacv.OpenCVFrameGrabber::grab@213 (line 310)
                      ;   {virtual_call}
  0x000000010f38cb44: 4fae ba95 

  0x000000010f38cb48: ;   {other}
  0x000000010f38cb48: 1f20 03d5 | 1fb7 81f2 | 1f80 81f2 | 8303 4139 | 7f00 0071 | e163 40f9 | 2149 0054 | e06b 40f9 
  0x000000010f38cb68: 08fc 43d3 | 28dc 00b9 | 2300 00ca | 63fc 55d3 | 7f00 00f1 | 0149 0054 | 7301 0014 | 23dc 40b9 
  0x000000010f38cb88: 63f0 7dd3 | e003 1faa | 7f00 00eb 

  0x000000010f38cb94: ;   {metadata(method data for {method} {0x000000012525def8} 'grab' '()Lorg/bytedeco/javacv/Frame;' in 'org/bytedeco/javacv/OpenCVFrameGrabber')}
  0x000000010f38cb94: 0342 84d2 | 03a8 a4f2 | 2300 c0f2 | 084b 80d2 | 094d 80d2 | 0011 899a | 6468 60f8 | 8404 0091 
  0x000000010f38cbb4: 6468 20f8 | 8129 0054 

  0x000000010f38cbbc: ;   {metadata('org/bytedeco/opencv/opencv_core/Mat')}
  0x000000010f38cbbc: 038a 90d2 | 8323 a0f2 | 030e c0f2 | 80df 40f9 | 0be0 0091 | 88e7 40f9 | 7f01 08eb | a846 0054 
  0x000000010f38cbdc: 8bdf 00f9 | ea03 40b2 | 0a00 00f9 | 6a08 5cd2 | 0a7c 0129 | 0a40 0091 | 5f01 00f9 | 5ffd 00a9 
  0x000000010f38cbfc: 5ffd 01a9 | bf3a 03d5 | f303 1e32 

  0x000000010f38cc08: ;   {metadata({type array int})}
  0x000000010f38cc08: 03c7 84d2 | 0300 a0f2 | 030e c0f2 | e077 00f9 | 737e 40d3 | e503 13aa | e85f 40b2 | 7f02 08eb 
  0x000000010f38cc28: 6244 0054 | eb02 80d2 | 6b49 338b | 6bf1 7d92 | 80df 40f9 | 0b60 2b8b | 88e7 40f9 | 7f01 08eb 
  0x000000010f38cc48: 6843 0054 | 8bdf 00f9 | 6b01 00cb | ea03 40b2 | 0a00 00f9 | 6a08 5cd2 | 0a4c 0129 | 6b41 00f1 
  0x000000010f38cc68: c001 0054 | e803 0baa | 0a40 0091 | 0bfd 43d3 | 6821 00f1 | 4300 0054 

  0x000000010f38cc80: ;   {runtime_call StubRoutines (final stubs)}
  0x000000010f38cc80: 70ca ba95 | 6b00 1036 | 5f7d 81a8 | 5f7d 81a8 | 4b00 0836 | 5f7d 81a8 | 4b00 0036 | 5f01 00f9 
  0x000000010f38cca0: bf3a 03d5 | e073 00f9 | 23e4 40b9 | 63f0 7dd3 

  0x000000010f38ccb0: ; implicit exception: dispatches to 0x000000010f38d4bc
  0x000000010f38ccb0: 7f00 40f9 | e403 03aa 

  0x000000010f38ccb8: ;   {metadata(method data for {method} {0x000000012525def8} 'grab' '()Lorg/bytedeco/javacv/Frame;' in 'org/bytedeco/javacv/OpenCVFrameGrabber')}
  0x000000010f38ccb8: 0542 84d2 | 05a8 a4f2 | 2500 c0f2 

  0x000000010f38ccc4: ;   {metadata('org/bytedeco/opencv/opencv_core/Mat')}
  0x000000010f38ccc4: 088a 90d2 | 8823 a0f2 | 080e c0f2 | a920 0a91 | 2801 00f9 | a848 41f9 | 0805 0091 | a848 01f9 
  0x000000010f38cce4: e103 03aa 

  0x000000010f38cce8: ; ImmutableOopMap {[192]=Oop [224]=Oop [232]=Oop }
                      ;*invokevirtual rows {reexecute=0 rethrow=0 return_oop=0}
                      ; - org.bytedeco.javacv.OpenCVFrameGrabber::grab@93 (line 304)
                      ;   {optimized virtual_call}
  0x000000010f38cce8: 26ad ba95 

  0x000000010f38ccec: ;   {other}
  0x000000010f38ccec: 1f20 03d5 | 9feb 81f2 | 1fa0 81f2 | e273 40f9 | 4010 00b9 | e163 40f9 | 20e4 40b9 | 00f0 7dd3 
  0x000000010f38cd0c: ; implicit exception: dispatches to 0x000000010f38d4c0
  0x000000010f38cd0c: 1f00 40f9 | e303 00aa 

  0x000000010f38cd14: ;   {metadata(method data for {method} {0x000000012525def8} 'grab' '()Lorg/bytedeco/javacv/Frame;' in 'org/bytedeco/javacv/OpenCVFrameGrabber')}
  0x000000010f38cd14: 0442 84d2 | 04a8 a4f2 | 2400 c0f2 

  0x000000010f38cd20: ;   {metadata('org/bytedeco/opencv/opencv_core/Mat')}
  0x000000010f38cd20: 088a 90d2 | 8823 a0f2 | 080e c0f2 | 8900 0b91 | 2801 00f9 | 8864 41f9 | 0805 0091 | 8864 01f9 
  0x000000010f38cd40: e103 00aa 

  0x000000010f38cd44: ; ImmutableOopMap {[192]=Oop [224]=Oop [232]=Oop }
                      ;*invokevirtual cols {reexecute=0 rethrow=0 return_oop=0}
                      ; - org.bytedeco.javacv.OpenCVFrameGrabber::grab@103 (line 304)
                      ;   {optimized virtual_call}
  0x000000010f38cd44: 0fad ba95 

  0x000000010f38cd48: ;   {other}
  0x000000010f38cd48: 1f20 03d5 | 1ff7 81f2 | 1fc0 81f2 | e273 40f9 | 4014 00b9 | e163 40f9 | 20e4 40b9 | 00f0 7dd3 
  0x000000010f38cd68: ; implicit exception: dispatches to 0x000000010f38d4c4
  0x000000010f38cd68: 1f00 40f9 | e303 00aa 

  0x000000010f38cd70: ;   {metadata(method data for {method} {0x000000012525def8} 'grab' '()Lorg/bytedeco/javacv/Frame;' in 'org/bytedeco/javacv/OpenCVFrameGrabber')}
  0x000000010f38cd70: 0442 84d2 | 04a8 a4f2 | 2400 c0f2 

  0x000000010f38cd7c: ;   {metadata('org/bytedeco/opencv/opencv_core/Mat')}
  0x000000010f38cd7c: 088a 90d2 | 8823 a0f2 | 080e c0f2 | 89e0 0b91 | 2801 00f9 | 8880 41f9 | 0805 0091 | 8880 01f9 
  0x000000010f38cd9c: e103 00aa 

  0x000000010f38cda0: ; ImmutableOopMap {[192]=Oop [224]=Oop [232]=Oop }
                      ;*invokevirtual depth {reexecute=0 rethrow=0 return_oop=0}
                      ; - org.bytedeco.javacv.OpenCVFrameGrabber::grab@113 (line 304)
                      ;   {optimized virtual_call}
  0x000000010f38cda0: f8ac ba95 

  0x000000010f38cda4: ;   {other}
  0x000000010f38cda4: 1f20 03d5 | 9f02 82f2 | 1fe0 81f2 | e373 40f9 | 6018 00b9 | e203 0032 | 621c 00b9 | e077 40f9 
  0x000000010f38cdc4: ;   {metadata(method data for {method} {0x000000012525def8} 'grab' '()Lorg/bytedeco/javacv/Frame;' in 'org/bytedeco/javacv/OpenCVFrameGrabber')}
  0x000000010f38cdc4: 0242 84d2 | 02a8 a4f2 | 2200 c0f2 | 4890 41f9 | 0805 0091 | 4890 01f9 

  0x000000010f38cddc: ;   {metadata(method data for {method} {0x000000012511a130} '<init>' '([I)V' in 'org/bytedeco/opencv/opencv_core/Mat')}
  0x000000010f38cddc: 02fa 84d2 | 02a8 a4f2 | 2200 c0f2 | 41ac 40b9 | 2108 0011 | 41ac 00b9 | 214c 1f12 | 3f00 0071 
  0x000000010f38cdfc: 6036 0054 | e077 40f9 

  0x000000010f38ce04: ;   {metadata(method data for {method} {0x000000012511a130} '<init>' '([I)V' in 'org/bytedeco/opencv/opencv_core/Mat')}
  0x000000010f38ce04: 02fa 84d2 | 02a8 a4f2 | 2200 c0f2 | 4878 40f9 | 0805 0091 | 4878 00f9 

  0x000000010f38ce1c: ;   {metadata(method data for {method} {0x0000000125116ed0} '<init>' '(III)V' in 'org/bytedeco/opencv/opencv_core/Mat')}
  0x000000010f38ce1c: 0233 85d2 | 02a8 a4f2 | 2200 c0f2 | 41ac 40b9 | 2108 0011 | 41ac 00b9 | 214c 1f12 | 3f00 0071 
  0x000000010f38ce3c: 6035 0054 | e077 40f9 

  0x000000010f38ce44: ;   {metadata(method data for {method} {0x0000000125116ed0} '<init>' '(III)V' in 'org/bytedeco/opencv/opencv_core/Mat')}
  0x000000010f38ce44: 0233 85d2 | 02a8 a4f2 | 2200 c0f2 | 4894 40f9 | 0805 0091 | 4894 00f9 

  0x000000010f38ce5c: ;   {metadata(method data for {method} {0x0000000125123cd8} '<init>' '(Lorg/bytedeco/javacpp/Pointer;)V' in 'org/bytedeco/opencv/opencv_core/AbstractMat')}
  0x000000010f38ce5c: 0267 85d2 | 02a8 a4f2 | 2200 c0f2 | 41ac 40b9 | 2108 0011 | 41ac 00b9 | 214c 1f12 | 3f00 0071 
  0x000000010f38ce7c: 6034 0054 | e077 40f9 

  0x000000010f38ce84: ;   {metadata(method data for {method} {0x0000000125123cd8} '<init>' '(Lorg/bytedeco/javacpp/Pointer;)V' in 'org/bytedeco/opencv/opencv_core/AbstractMat')}
  0x000000010f38ce84: 0267 85d2 | 02a8 a4f2 | 2200 c0f2 | 4878 40f9 | 0805 0091 | 4878 00f9 

  0x000000010f38ce9c: ;   {metadata(method data for {method} {0x0000000124c83f90} '<init>' '(Lorg/bytedeco/javacpp/Pointer;)V' in 'org/bytedeco/opencv/opencv_core/AbstractArray')}
  0x000000010f38ce9c: 028c 85d2 | 02a8 a4f2 | 2200 c0f2 | 41ac 40b9 | 2108 0011 | 41ac 00b9 | 214c 1f12 | 3f00 0071 
  0x000000010f38cebc: 6033 0054 | e077 40f9 

  0x000000010f38cec4: ;   {metadata(method data for {method} {0x0000000124c83f90} '<init>' '(Lorg/bytedeco/javacpp/Pointer;)V' in 'org/bytedeco/opencv/opencv_core/AbstractArray')}
  0x000000010f38cec4: 028c 85d2 | 02a8 a4f2 | 2200 c0f2 | 4878 40f9 | 0805 0091 | 4878 00f9 | e203 1faa | e177 40f9 
  0x000000010f38cee4: ; ImmutableOopMap {[192]=Oop [224]=Oop [232]=Oop }
                      ;*invokespecial <init> {reexecute=0 rethrow=0 return_oop=0}
                      ; - org.bytedeco.opencv.opencv_core.AbstractArray::<init>@2 (line 19)
                      ; - org.bytedeco.opencv.opencv_core.AbstractMat::<init>@2 (line 11)
                      ; - org.bytedeco.opencv.opencv_core.Mat::<init>@5 (line 241)
                      ; - org.bytedeco.opencv.opencv_core.Mat::<init>@7 (line 392)
                      ; - org.bytedeco.javacv.OpenCVFrameGrabber::grab@121 (line 304)
                      ;   {optimized virtual_call}
  0x000000010f38cee4: a7ac ba95 

  0x000000010f38cee8: ;   {other}
  0x000000010f38cee8: 1f20 03d5 | 1f2b 82f2 | 1f00 82f2 | e077 40f9 

  0x000000010f38cef8: ;   {metadata(method data for {method} {0x0000000125116ed0} '<init>' '(III)V' in 'org/bytedeco/opencv/opencv_core/Mat')}
  0x000000010f38cef8: 0233 85d2 | 02a8 a4f2 | 2200 c0f2 | 489c 40f9 | 0805 0091 | 489c 00f9 | e203 1e32 | e303 0032 
  0x000000010f38cf18: e403 1e32 | e177 40f9 

  0x000000010f38cf20: ; ImmutableOopMap {[192]=Oop [224]=Oop [232]=Oop }
                      ;*invokespecial allocate {reexecute=0 rethrow=0 return_oop=0}
                      ; - org.bytedeco.opencv.opencv_core.Mat::<init>@12 (line 241)
                      ; - org.bytedeco.opencv.opencv_core.Mat::<init>@7 (line 392)
                      ; - org.bytedeco.javacv.OpenCVFrameGrabber::grab@121 (line 304)
                      ;   {optimized virtual_call}
  0x000000010f38cf20: 98ac ba95 

  0x000000010f38cf24: ;   {other}
  0x000000010f38cf24: 1f20 03d5 | 9f32 82f2 | 1f20 82f2 

  0x000000010f38cf30: ; ImmutableOopMap {[192]=Oop [224]=Oop [232]=Oop }
                      ;*new {reexecute=0 rethrow=0 return_oop=0}
                      ; - org.bytedeco.opencv.opencv_core.Mat::<init>@10 (line 392)
                      ; - org.bytedeco.javacv.OpenCVFrameGrabber::grab@121 (line 304)
                      ;   {runtime_call load_mirror_patching Runtime1 stub}
  0x000000010f38cf30: 9416 be95 | 6884 4439 | 1f11 0071 

  0x000000010f38cf3c: ; implicit exception: dispatches to 0x000000010f38d548
  0x000000010f38cf3c: 8130 0054 | 80df 40f9 | 0bc0 0091 | 88e7 40f9 | 7f01 08eb | e82f 0054 | 8bdf 00f9 | ea03 40b2 
  0x000000010f38cf5c: 0a00 00f9 | 6a08 5cd2 | 0a7c 0129 | 0a40 0091 | 5f7d 00a9 | 5f7d 01a9 | bf3a 03d5 | e177 40f9 
  0x000000010f38cf7c: ;   {metadata(method data for {method} {0x000000012511a130} '<init>' '([I)V' in 'org/bytedeco/opencv/opencv_core/Mat')}
  0x000000010f38cf7c: 02fa 84d2 | 02a8 a4f2 | 2200 c0f2 

  0x000000010f38cf88: ;   {metadata('org/bytedeco/opencv/opencv_core/Mat')}
  0x000000010f38cf88: 088a 90d2 | 8823 a0f2 | 080e c0f2 | 4940 0491 | 2801 00f9 | 488c 40f9 | 0805 0091 | 488c 00f9 
  0x000000010f38cfa8: e177 40f9 | e07b 00f9 

  0x000000010f38cfb0: ; ImmutableOopMap {[192]=Oop [224]=Oop [232]=Oop [240]=Oop }
                      ;*invokevirtual data {reexecute=0 rethrow=0 return_oop=0}
                      ; - org.bytedeco.opencv.opencv_core.Mat::<init>@15 (line 392)
                      ; - org.bytedeco.javacv.OpenCVFrameGrabber::grab@121 (line 304)
                      ;   {optimized virtual_call}
  0x000000010f38cfb0: 74ac ba95 

  0x000000010f38cfb4: ;   {other}
  0x000000010f38cfb4: 1f20 03d5 | 9f44 82f2 | 1f60 82f2 | e27b 40f9 

  0x000000010f38cfc4: ;   {metadata(method data for {method} {0x000000012511a130} '<init>' '([I)V' in 'org/bytedeco/opencv/opencv_core/Mat')}
  0x000000010f38cfc4: 01fa 84d2 | 01a8 a4f2 | 2100 c0f2 | 289c 40f9 | 0805 0091 | 289c 00f9 | e203 00aa | e17b 40f9 
  0x000000010f38cfe4: ; ImmutableOopMap {[192]=Oop [224]=Oop [232]=Oop [240]=Oop }
                      ;*invokespecial <init> {reexecute=0 rethrow=0 return_oop=0}
                      ; - org.bytedeco.opencv.opencv_core.Mat::<init>@18 (line 392)
                      ; - org.bytedeco.javacv.OpenCVFrameGrabber::grab@121 (line 304)
                      ;   {optimized virtual_call}
  0x000000010f38cfe4: 67ac ba95 

  0x000000010f38cfe8: ;   {other}
  0x000000010f38cfe8: 1f20 03d5 | 1f4b 82f2 | 1f80 82f2 | e07b 40f9 

  0x000000010f38cff8: ;   {metadata(method data for {method} {0x000000012511a130} '<init>' '([I)V' in 'org/bytedeco/opencv/opencv_core/Mat')}
  0x000000010f38cff8: 02fa 84d2 | 02a8 a4f2 | 2200 c0f2 | 0008 40b9 | 0008 5cd2 | 4960 0591 | 2801 40f9 | 1f00 08eb 
  0x000000010f38d018: a100 0054 | 48b0 40f9 | 0805 0091 | 48b0 00f9 | 1c00 0014 | 49a0 0591 | 2801 40f9 | 1f00 08eb 
  0x000000010f38d038: a100 0054 | 48b8 40f9 | 0805 0091 | 48b8 00f9 | 1400 0014 | 4960 0591 | 2801 40f9 | c800 00b5 
  0x000000010f38d058: 2001 00f9 | e803 40b2 | 4980 0591 | 2801 00f9 | 0c00 0014 | 49a0 0591 | 2801 40f9 | c800 00b5 
  0x000000010f38d078: 2001 00f9 | e803 40b2 | 49c0 0591 | 2801 00f9 | 0400 0014 | 48a4 40f9 | 0805 0091 | 48a4 00f9 
  0x000000010f38d098: e273 40f9 | e17b 40f9 | e9ff 9fd2 | e9ff bff2 | e9ff dff2 

  0x000000010f38d0ac: ; ImmutableOopMap {[192]=Oop [232]=Oop }
                      ;*invokevirtual put {reexecute=0 rethrow=0 return_oop=0}
                      ; - org.bytedeco.opencv.opencv_core.Mat::<init>@22 (line 392)
                      ; - org.bytedeco.javacv.OpenCVFrameGrabber::grab@121 (line 304)
                      ;   {virtual_call}
  0x000000010f38d0ac: f5ac ba95 

  0x000000010f38d0b0: ;   {other}
  0x000000010f38d0b0: 1f20 03d5 | 1f64 82f2 | 1fa0 82f2 | 8103 4139 | 3f00 0071 | e163 40f9 | 6124 0054 | e077 40f9 
  0x000000010f38d0d0: 08fc 43d3 | 28dc 00b9 | 2200 00ca | 42fc 55d3 | 5f00 00f1 | 4124 0054 | 22e4 40b9 | 42f0 7dd3 
  0x000000010f38d0f0: 23dc 40b9 | 63f0 7dd3 

  0x000000010f38d0f8: ;   {metadata(method data for {method} {0x000000012525def8} 'grab' '()Lorg/bytedeco/javacv/Frame;' in 'org/bytedeco/javacv/OpenCVFrameGrabber')}
  0x000000010f38d0f8: 0042 84d2 | 00a8 a4f2 | 2000 c0f2 | 0898 41f9 | 0805 0091 | 0898 01f9 | e103 02aa | e203 03aa 
  0x000000010f38d118: e307 1f32 

  0x000000010f38d11c: ; ImmutableOopMap {[192]=Oop }
                      ;*invokestatic cvtColor {reexecute=0 rethrow=0 return_oop=0}
                      ; - org.bytedeco.javacv.OpenCVFrameGrabber::grab@137 (line 307)
                      ;   {static_call}
  0x000000010f38d11c: 99ad ba95 

  0x000000010f38d120: ;   {other}
  0x000000010f38d120: 1f20 03d5 | 1f72 82f2 | 1fc0 82f2 

  0x000000010f38d12c: ;   {metadata(method data for {method} {0x000000012525def8} 'grab' '()Lorg/bytedeco/javacv/Frame;' in 'org/bytedeco/javacv/OpenCVFrameGrabber')}
  0x000000010f38d12c: 0142 84d2 | 01a8 a4f2 | 2100 c0f2 | 22a0 41f9 | 4204 0091 | 22a0 01f9 | e163 40f9 | 2500 0014 
  0x000000010f38d14c: 22e4 40b9 | 42f0 7dd3 | 23dc 40b9 | 63f0 7dd3 

  0x000000010f38d15c: ;   {metadata(method data for {method} {0x000000012525def8} 'grab' '()Lorg/bytedeco/javacv/Frame;' in 'org/bytedeco/javacv/OpenCVFrameGrabber')}
  0x000000010f38d15c: 0042 84d2 | 00a8 a4f2 | 2000 c0f2 | 0854 42f9 | 0805 0091 | 0854 02f9 | e103 02aa | e203 03aa 
  0x000000010f38d17c: e303 1d32 

  0x000000010f38d180: ; ImmutableOopMap {[192]=Oop }
                      ;*invokestatic cvtColor {reexecute=0 rethrow=0 return_oop=0}
                      ; - org.bytedeco.javacv.OpenCVFrameGrabber::grab@229 (line 312)
                      ;   {static_call}
  0x000000010f38d180: 80ad ba95 

  0x000000010f38d184: ;   {other}
  0x000000010f38d184: 1f20 03d5 | 9f7e 82f2 | 1fe0 82f2 

  0x000000010f38d190: ;   {metadata(method data for {method} {0x000000012525def8} 'grab' '()Lorg/bytedeco/javacv/Frame;' in 'org/bytedeco/javacv/OpenCVFrameGrabber')}
  0x000000010f38d190: 0242 84d2 | 02a8 a4f2 | 2200 c0f2 | 415c 42f9 | 2104 0091 | 415c 02f9 | e163 40f9 | 0c00 0014 
  0x000000010f38d1b0: 22e4 40b9 | 42f0 7dd3 | 8003 4139 | 1f00 0071 | e11d 0054 | 48fc 43d3 | 28dc 00b9 | 2000 02ca 
  0x000000010f38d1d0: 00fc 55d3 | 1f00 00f1 | e11d 0054 | 20e0 40b9 | 00f0 7dd3 | 22dc 40b9 | 42f0 7dd3 

  0x000000010f38d1ec: ; implicit exception: dispatches to 0x000000010f38d5a4
  0x000000010f38d1ec: 1f00 40f9 | e103 00aa 

  0x000000010f38d1f4: ;   {metadata(method data for {method} {0x000000012525def8} 'grab' '()Lorg/bytedeco/javacv/Frame;' in 'org/bytedeco/javacv/OpenCVFrameGrabber')}
  0x000000010f38d1f4: 0342 84d2 | 03a8 a4f2 | 2300 c0f2 

  0x000000010f38d200: ;   {metadata('org/bytedeco/javacv/OpenCVFrameConverter$ToMat')}
  0x000000010f38d200: 08c9 8ad2 | a822 a0f2 | 080e c0f2 | 6980 1391 | 2801 00f9 | 6874 42f9 | 0805 0091 | 6874 02f9 
  0x000000010f38d220: ;   {metadata(method data for {method} {0x0000000124b1f908} 'convert' '(Lorg/bytedeco/opencv/opencv_core/Mat;)Lorg/bytedeco/javacv/Frame;' in 'org/bytedeco/javacv/OpenCVFrameConverter$ToMat')}
  0x000000010f38d220: 0178 80d2 | 01a8 a4f2 | 2100 c0f2 | 23ac 40b9 | 6308 0011 | 23ac 00b9 | 634c 1f12 | 7f00 0071 
  0x000000010f38d240: 401b 0054 | e103 00aa 

  0x000000010f38d248: ;   {metadata(method data for {method} {0x0000000124b1f908} 'convert' '(Lorg/bytedeco/opencv/opencv_core/Mat;)Lorg/bytedeco/javacv/Frame;' in 'org/bytedeco/javacv/OpenCVFrameConverter$ToMat')}
  0x000000010f38d248: 0378 80d2 | 03a8 a4f2 | 2300 c0f2 | 6878 40f9 | 0805 0091 | 6878 00f9 | e103 00aa 

  0x000000010f38d264: ; ImmutableOopMap {}
                      ;*invokespecial convert {reexecute=0 rethrow=0 return_oop=0}
                      ; - org.bytedeco.javacv.OpenCVFrameConverter$ToMat::convert@2 (line 55)
                      ; - org.bytedeco.javacv.OpenCVFrameGrabber::grab@251 (line 316)
                      ;   {optimized virtual_call}
  0x000000010f38d264: 77ae ff97 

  0x000000010f38d268: ;   {other}
  0x000000010f38d268: 1f20 03d5 | 1f9b 82f2 | 1f00 83f2 | fd7b 51a9 | ff83 0491 

  0x000000010f38d27c: ;   {poll_return}
  0x000000010f38d27c: 8827 42f9 | ff63 28eb | 281a 0054 | c003 5fd6 

  0x000000010f38d28c: ; ImmutableOopMap {}
                      ;*new {reexecute=0 rethrow=0 return_oop=0}
                      ; - org.bytedeco.javacv.OpenCVFrameGrabber::grab@41 (line 298)
                      ;   {runtime_call load_mirror_patching Runtime1 stub}
  0x000000010f38d28c: bd15 be95 | 6884 4439 | 1f11 0071 

  0x000000010f38d298: ; implicit exception: dispatches to 0x000000010f38d5d4
  0x000000010f38d298: 011a 0054 | 80df 40f9 | 0ba0 0091 | 88e7 40f9 | 7f01 08eb | 6819 0054 | 8bdf 00f9 | ea03 40b2 
  0x000000010f38d2b8: 0a00 00f9 | 6a08 5cd2 | 0a7c 0129 | 0a40 0091 | 5f01 00f9 | 5ffd 00a9 | bf3a 03d5 | e203 00aa 
  0x000000010f38d2d8: ;   {metadata(method data for {method} {0x000000012525def8} 'grab' '()Lorg/bytedeco/javacv/Frame;' in 'org/bytedeco/javacv/OpenCVFrameGrabber')}
  0x000000010f38d2d8: 0142 84d2 | 01a8 a4f2 | 2100 c0f2 | 28e8 40f9 | 0805 0091 | 28e8 00f9 

  0x000000010f38d2f0: ;   {oop("grab() Error: Could not grab frame. (Has start() been called?)"{0x0000000703a9f748})}
  0x000000010f38d2f0: 02e9 9ed2 | 2275 a0f2 | e200 c0f2 | e103 00aa | e07f 00f9 

  0x000000010f38d304: ; ImmutableOopMap {[248]=Oop }
                      ;*invokespecial <init> {reexecute=0 rethrow=0 return_oop=0}
                      ; - org.bytedeco.javacv.OpenCVFrameGrabber::grab@47 (line 298)
                      ;   {optimized virtual_call}
  0x000000010f38d304: 9fab ba95 

  0x000000010f38d308: ;   {other}
  0x000000010f38d308: 1f20 03d5 | 1faf 82f2 | 1f40 83f2 | e07f 40f9 | b800 0014 

  0x000000010f38d31c: ; ImmutableOopMap {}
                      ;*new {reexecute=0 rethrow=0 return_oop=0}
                      ; - org.bytedeco.javacv.OpenCVFrameGrabber::grab@14 (line 294)
                      ;   {runtime_call load_mirror_patching Runtime1 stub}
  0x000000010f38d31c: 9915 be95 | 6884 4439 | 1f11 0071 

  0x000000010f38d328: ; implicit exception: dispatches to 0x000000010f38d5e0
  0x000000010f38d328: e115 0054 | 80df 40f9 | 0ba0 0091 | 88e7 40f9 | 7f01 08eb | 4815 0054 | 8bdf 00f9 | ea03 40b2 
  0x000000010f38d348: 0a00 00f9 | 6a08 5cd2 | 0a7c 0129 | 0a40 0091 | 5f01 00f9 | 5ffd 00a9 | bf3a 03d5 | e203 00aa 
  0x000000010f38d368: ;   {metadata(method data for {method} {0x000000012525def8} 'grab' '()Lorg/bytedeco/javacv/Frame;' in 'org/bytedeco/javacv/OpenCVFrameGrabber')}
  0x000000010f38d368: 0142 84d2 | 01a8 a4f2 | 2100 c0f2 | 28a4 40f9 | 0805 0091 | 28a4 00f9 

  0x000000010f38d380: ;   {oop("retrieve() Error: Could not retrieve frame. (Has start() been called?)"{0x0000000703a9f6d8})}
  0x000000010f38d380: 02db 9ed2 | 2275 a0f2 | e200 c0f2 | e103 00aa | e083 00f9 

  0x000000010f38d394: ; ImmutableOopMap {[256]=Oop }
                      ;*invokespecial <init> {reexecute=0 rethrow=0 return_oop=0}
                      ; - org.bytedeco.javacv.OpenCVFrameGrabber::grab@20 (line 294)
                      ;   {optimized virtual_call}
  0x000000010f38d394: 7bab ba95 

  0x000000010f38d398: ;   {other}
  0x000000010f38d398: 1f20 03d5 | 1fc1 82f2 | 1f80 83f2 | e083 40f9 | 9400 0014 

  0x000000010f38d3ac: ;   {metadata({method} {0x000000012525def8} 'grab' '()Lorg/bytedeco/javacv/Frame;' in 'org/bytedeco/javacv/OpenCVFrameGrabber')}
  0x000000010f38d3ac: 08df 9bd2 | a8a4 a4f2 | 2800 c0f2 | e807 00f9 | 0800 8092 | e803 00f9 

  0x000000010f38d3c4: ; ImmutableOopMap {c_rarg1=Oop [192]=Oop }
                      ;*synchronization entry
                      ; - org.bytedeco.javacv.OpenCVFrameGrabber::grab@-1 (line 293)
                      ;   {runtime_call counter_overflow Runtime1 stub}
  0x000000010f38d3c4: af17 be95 | e7fb ff17 

  0x000000010f38d3cc: ; ImmutableOopMap {c_rarg1=Oop c_rarg0=Oop c_rarg2=Oop [192]=Oop }
                      ;*invokevirtual retrieve {reexecute=0 rethrow=0 return_oop=0}
                      ; - org.bytedeco.javacv.OpenCVFrameGrabber::grab@8 (line 293)
                      ;   {runtime_call throw_null_pointer_exception Runtime1 stub}
  0x000000010f38d3cc: edfd bd95 

  0x000000010f38d3d0: ; ImmutableOopMap {c_rarg1=Oop c_rarg0=Oop [192]=Oop }
                      ;*invokevirtual grab {reexecute=0 rethrow=0 return_oop=0}
                      ; - org.bytedeco.javacv.OpenCVFrameGrabber::grab@35 (line 297)
                      ;   {runtime_call throw_null_pointer_exception Runtime1 stub}
  0x000000010f38d3d0: ecfd bd95 

  0x000000010f38d3d4: ; ImmutableOopMap {c_rarg1=Oop c_rarg0=Oop [192]=Oop }
                      ;*invokevirtual channels {reexecute=0 rethrow=0 return_oop=0}
                      ; - org.bytedeco.javacv.OpenCVFrameGrabber::grab@65 (line 302)
                      ;   {runtime_call throw_null_pointer_exception Runtime1 stub}
  0x000000010f38d3d4: ebfd bd95 

  0x000000010f38d3d8: ; ImmutableOopMap {c_rarg1=Oop c_rarg0=Oop [192]=Oop }
                      ;*invokevirtual channels {reexecute=0 rethrow=0 return_oop=0}
                      ; - org.bytedeco.javacv.OpenCVFrameGrabber::grab@157 (line 308)
                      ;   {runtime_call throw_null_pointer_exception Runtime1 stub}
  0x000000010f38d3d8: eafd bd95 

  0x000000010f38d3dc: ; ImmutableOopMap {c_rarg1=Oop [192]=Oop }
                      ;*new {reexecute=0 rethrow=0 return_oop=0}
                      ; - org.bytedeco.javacv.OpenCVFrameGrabber::grab@172 (line 310)
                      ;   {runtime_call fast_new_instance Runtime1 stub}
  0x000000010f38d3dc: 2900 be95 | affc ff17 

  0x000000010f38d3e4: ; ImmutableOopMap {c_rarg1=Oop [192]=Oop [208]=Oop }
                      ;*newarray {reexecute=0 rethrow=0 return_oop=0}
                      ; - org.bytedeco.javacv.OpenCVFrameGrabber::grab@177 (line 310)
                      ;   {runtime_call new_type_array Runtime1 stub}
  0x000000010f38d3e4: a701 be95 | d5fc ff17 

  0x000000010f38d3ec: ; ImmutableOopMap {c_rarg1=Oop c_rarg0=Oop c_rarg3=Oop [192]=Oop [200]=Oop [208]=Oop }
                      ;*invokevirtual rows {reexecute=0 rethrow=0 return_oop=0}
                      ; - org.bytedeco.javacv.OpenCVFrameGrabber::grab@185 (line 310)
                      ;   {runtime_call throw_null_pointer_exception Runtime1 stub}
  0x000000010f38d3ec: e5fd bd95 

  0x000000010f38d3f0: ; ImmutableOopMap {c_rarg2=Oop c_rarg1=Oop c_rarg0=Oop [192]=Oop [200]=Oop [208]=Oop }
                      ;*invokevirtual cols {reexecute=0 rethrow=0 return_oop=0}
                      ; - org.bytedeco.javacv.OpenCVFrameGrabber::grab@195 (line 310)
                      ;   {runtime_call throw_null_pointer_exception Runtime1 stub}
  0x000000010f38d3f0: e4fd bd95 

  0x000000010f38d3f4: ; ImmutableOopMap {c_rarg2=Oop c_rarg1=Oop c_rarg0=Oop [192]=Oop [200]=Oop [208]=Oop }
                      ;*invokevirtual depth {reexecute=0 rethrow=0 return_oop=0}
                      ; - org.bytedeco.javacv.OpenCVFrameGrabber::grab@205 (line 310)
                      ;   {runtime_call throw_null_pointer_exception Runtime1 stub}
  0x000000010f38d3f4: e3fd bd95 

  0x000000010f38d3f8: ;   {metadata({method} {0x000000012511a130} '<init>' '([I)V' in 'org/bytedeco/opencv/opencv_core/Mat')}
  0x000000010f38d3f8: 0826 94d2 | 28a2 a4f2 | 2800 c0f2 | e807 00f9 | 0800 8092 | e803 00f9 

  0x000000010f38d410: ; ImmutableOopMap {c_rarg3=Oop [192]=Oop [200]=Oop [208]=Oop }
                      ;*synchronization entry
                      ; - org.bytedeco.opencv.opencv_core.Mat::<init>@-1 (line 392)
                      ; - org.bytedeco.javacv.OpenCVFrameGrabber::grab@213 (line 310)
                      ;   {runtime_call counter_overflow Runtime1 stub}
  0x000000010f38d410: 9c17 be95 | 21fd ff17 

  0x000000010f38d418: ;   {metadata({method} {0x0000000125116ed0} '<init>' '(III)V' in 'org/bytedeco/opencv/opencv_core/Mat')}
  0x000000010f38d418: 08da 8dd2 | 28a2 a4f2 | 2800 c0f2 | e807 00f9 | 0800 8092 | e803 00f9 

  0x000000010f38d430: ; ImmutableOopMap {c_rarg3=Oop [192]=Oop [200]=Oop [208]=Oop }
                      ;*synchronization entry
                      ; - org.bytedeco.opencv.opencv_core.Mat::<init>@-1 (line 241)
                      ; - org.bytedeco.opencv.opencv_core.Mat::<init>@7 (line 392)
                      ; - org.bytedeco.javacv.OpenCVFrameGrabber::grab@213 (line 310)
                      ;   {runtime_call counter_overflow Runtime1 stub}
  0x000000010f38d430: 9417 be95 | 29fd ff17 

  0x000000010f38d438: ;   {metadata({method} {0x0000000125123cd8} '<init>' '(Lorg/bytedeco/javacpp/Pointer;)V' in 'org/bytedeco/opencv/opencv_core/AbstractMat')}
  0x000000010f38d438: 089b 87d2 | 48a2 a4f2 | 2800 c0f2 | e807 00f9 | 0800 8092 | e803 00f9 

  0x000000010f38d450: ; ImmutableOopMap {c_rarg3=Oop [192]=Oop [200]=Oop [208]=Oop }
                      ;*synchronization entry
                      ; - org.bytedeco.opencv.opencv_core.AbstractMat::<init>@-1 (line 11)
                      ; - org.bytedeco.opencv.opencv_core.Mat::<init>@5 (line 241)
                      ; - org.bytedeco.opencv.opencv_core.Mat::<init>@7 (line 392)
                      ; - org.bytedeco.javacv.OpenCVFrameGrabber::grab@213 (line 310)
                      ;   {runtime_call counter_overflow Runtime1 stub}
  0x000000010f38d450: 8c17 be95 | 31fd ff17 

  0x000000010f38d458: ;   {metadata({method} {0x0000000124c83f90} '<init>' '(Lorg/bytedeco/javacpp/Pointer;)V' in 'org/bytedeco/opencv/opencv_core/AbstractArray')}
  0x000000010f38d458: 08f2 87d2 | 0899 a4f2 | 2800 c0f2 | e807 00f9 | 0800 8092 | e803 00f9 

  0x000000010f38d470: ; ImmutableOopMap {c_rarg3=Oop [192]=Oop [200]=Oop [208]=Oop }
                      ;*synchronization entry
                      ; - org.bytedeco.opencv.opencv_core.AbstractArray::<init>@-1 (line 19)
                      ; - org.bytedeco.opencv.opencv_core.AbstractMat::<init>@2 (line 11)
                      ; - org.bytedeco.opencv.opencv_core.Mat::<init>@5 (line 241)
                      ; - org.bytedeco.opencv.opencv_core.Mat::<init>@7 (line 392)
                      ; - org.bytedeco.javacv.OpenCVFrameGrabber::grab@213 (line 310)
                      ;   {runtime_call counter_overflow Runtime1 stub}
  0x000000010f38d470: 8417 be95 | 39fd ff17 

  0x000000010f38d478: ; ImmutableOopMap {[192]=Oop [200]=Oop [208]=Oop }
                      ;*new {reexecute=0 rethrow=0 return_oop=0}
                      ; - org.bytedeco.opencv.opencv_core.Mat::<init>@10 (line 392)
                      ; - org.bytedeco.javacv.OpenCVFrameGrabber::grab@213 (line 310)
                      ;   {runtime_call throw_null_pointer_exception Runtime1 stub}
  0x000000010f38d478: c2fd bd95 

  0x000000010f38d47c: ; ImmutableOopMap {[192]=Oop [200]=Oop [208]=Oop }
                      ;*new {reexecute=0 rethrow=0 return_oop=0}
                      ; - org.bytedeco.opencv.opencv_core.Mat::<init>@10 (line 392)
                      ; - org.bytedeco.javacv.OpenCVFrameGrabber::grab@213 (line 310)
                      ;   {runtime_call fast_new_instance_init_check Runtime1 stub}
  0x000000010f38d47c: c100 be95 | 64fd ff17 | 23dc 40b9 | 63f0 7dd3 | c3b6 ffb4 | e303 00f9 

  0x000000010f38d494: ;   {runtime_call g1_pre_barrier_slow}
  0x000000010f38d494: fb18 be95 | b3fd ff17 | 20b7 ffb4 | e103 00f9 

  0x000000010f38d4a4: ;   {runtime_call g1_post_barrier_slow}
  0x000000010f38d4a4: b719 be95 | b6fd ff17 

  0x000000010f38d4ac: ; ImmutableOopMap {c_rarg1=Oop [192]=Oop }
                      ;*new {reexecute=0 rethrow=0 return_oop=0}
                      ; - org.bytedeco.javacv.OpenCVFrameGrabber::grab@80 (line 304)
                      ;   {runtime_call fast_new_instance Runtime1 stub}
  0x000000010f38d4ac: f5ff bd95 | d5fd ff17 

  0x000000010f38d4b4: ; ImmutableOopMap {c_rarg1=Oop [192]=Oop [232]=Oop }
                      ;*newarray {reexecute=0 rethrow=0 return_oop=0}
                      ; - org.bytedeco.javacv.OpenCVFrameGrabber::grab@85 (line 304)
                      ;   {runtime_call new_type_array Runtime1 stub}
  0x000000010f38d4b4: 7301 be95 | fbfd ff17 

  0x000000010f38d4bc: ; ImmutableOopMap {c_rarg1=Oop c_rarg0=Oop c_rarg3=Oop [192]=Oop [224]=Oop [232]=Oop }
                      ;*invokevirtual rows {reexecute=0 rethrow=0 return_oop=0}
                      ; - org.bytedeco.javacv.OpenCVFrameGrabber::grab@93 (line 304)
                      ;   {runtime_call throw_null_pointer_exception Runtime1 stub}
  0x000000010f38d4bc: b1fd bd95 

  0x000000010f38d4c0: ; ImmutableOopMap {c_rarg2=Oop c_rarg1=Oop c_rarg0=Oop [192]=Oop [224]=Oop [232]=Oop }
                      ;*invokevirtual cols {reexecute=0 rethrow=0 return_oop=0}
                      ; - org.bytedeco.javacv.OpenCVFrameGrabber::grab@103 (line 304)
                      ;   {runtime_call throw_null_pointer_exception Runtime1 stub}
  0x000000010f38d4c0: b0fd bd95 

  0x000000010f38d4c4: ; ImmutableOopMap {c_rarg2=Oop c_rarg1=Oop c_rarg0=Oop [192]=Oop [224]=Oop [232]=Oop }
                      ;*invokevirtual depth {reexecute=0 rethrow=0 return_oop=0}
                      ; - org.bytedeco.javacv.OpenCVFrameGrabber::grab@113 (line 304)
                      ;   {runtime_call throw_null_pointer_exception Runtime1 stub}
  0x000000010f38d4c4: affd bd95 

  0x000000010f38d4c8: ;   {metadata({method} {0x000000012511a130} '<init>' '([I)V' in 'org/bytedeco/opencv/opencv_core/Mat')}
  0x000000010f38d4c8: 0826 94d2 | 28a2 a4f2 | 2800 c0f2 | e807 00f9 | 0800 8092 | e803 00f9 

  0x000000010f38d4e0: ; ImmutableOopMap {c_rarg3=Oop [192]=Oop [224]=Oop [232]=Oop }
                      ;*synchronization entry
                      ; - org.bytedeco.opencv.opencv_core.Mat::<init>@-1 (line 392)
                      ; - org.bytedeco.javacv.OpenCVFrameGrabber::grab@121 (line 304)
                      ;   {runtime_call counter_overflow Runtime1 stub}
  0x000000010f38d4e0: 6817 be95 | 47fe ff17 

  0x000000010f38d4e8: ;   {metadata({method} {0x0000000125116ed0} '<init>' '(III)V' in 'org/bytedeco/opencv/opencv_core/Mat')}
  0x000000010f38d4e8: 08da 8dd2 | 28a2 a4f2 | 2800 c0f2 | e807 00f9 | 0800 8092 | e803 00f9 

  0x000000010f38d500: ; ImmutableOopMap {c_rarg3=Oop [192]=Oop [224]=Oop [232]=Oop }
                      ;*synchronization entry
                      ; - org.bytedeco.opencv.opencv_core.Mat::<init>@-1 (line 241)
                      ; - org.bytedeco.opencv.opencv_core.Mat::<init>@7 (line 392)
                      ; - org.bytedeco.javacv.OpenCVFrameGrabber::grab@121 (line 304)
                      ;   {runtime_call counter_overflow Runtime1 stub}
  0x000000010f38d500: 6017 be95 | 4ffe ff17 

  0x000000010f38d508: ;   {metadata({method} {0x0000000125123cd8} '<init>' '(Lorg/bytedeco/javacpp/Pointer;)V' in 'org/bytedeco/opencv/opencv_core/AbstractMat')}
  0x000000010f38d508: 089b 87d2 | 48a2 a4f2 | 2800 c0f2 | e807 00f9 | 0800 8092 | e803 00f9 

  0x000000010f38d520: ; ImmutableOopMap {c_rarg3=Oop [192]=Oop [224]=Oop [232]=Oop }
                      ;*synchronization entry
                      ; - org.bytedeco.opencv.opencv_core.AbstractMat::<init>@-1 (line 11)
                      ; - org.bytedeco.opencv.opencv_core.Mat::<init>@5 (line 241)
                      ; - org.bytedeco.opencv.opencv_core.Mat::<init>@7 (line 392)
                      ; - org.bytedeco.javacv.OpenCVFrameGrabber::grab@121 (line 304)
                      ;   {runtime_call counter_overflow Runtime1 stub}
  0x000000010f38d520: 5817 be95 | 57fe ff17 

  0x000000010f38d528: ;   {metadata({method} {0x0000000124c83f90} '<init>' '(Lorg/bytedeco/javacpp/Pointer;)V' in 'org/bytedeco/opencv/opencv_core/AbstractArray')}
  0x000000010f38d528: 08f2 87d2 | 0899 a4f2 | 2800 c0f2 | e807 00f9 | 0800 8092 | e803 00f9 

  0x000000010f38d540: ; ImmutableOopMap {c_rarg3=Oop [192]=Oop [224]=Oop [232]=Oop }
                      ;*synchronization entry
                      ; - org.bytedeco.opencv.opencv_core.AbstractArray::<init>@-1 (line 19)
                      ; - org.bytedeco.opencv.opencv_core.AbstractMat::<init>@2 (line 11)
                      ; - org.bytedeco.opencv.opencv_core.Mat::<init>@5 (line 241)
                      ; - org.bytedeco.opencv.opencv_core.Mat::<init>@7 (line 392)
                      ; - org.bytedeco.javacv.OpenCVFrameGrabber::grab@121 (line 304)
                      ;   {runtime_call counter_overflow Runtime1 stub}
  0x000000010f38d540: 5017 be95 | 5ffe ff17 

  0x000000010f38d548: ; ImmutableOopMap {[192]=Oop [224]=Oop [232]=Oop }
                      ;*new {reexecute=0 rethrow=0 return_oop=0}
                      ; - org.bytedeco.opencv.opencv_core.Mat::<init>@10 (line 392)
                      ; - org.bytedeco.javacv.OpenCVFrameGrabber::grab@121 (line 304)
                      ;   {runtime_call throw_null_pointer_exception Runtime1 stub}
  0x000000010f38d548: 8efd bd95 

  0x000000010f38d54c: ; ImmutableOopMap {[192]=Oop [224]=Oop [232]=Oop }
                      ;*new {reexecute=0 rethrow=0 return_oop=0}
                      ; - org.bytedeco.opencv.opencv_core.Mat::<init>@10 (line 392)
                      ; - org.bytedeco.javacv.OpenCVFrameGrabber::grab@121 (line 304)
                      ;   {runtime_call fast_new_instance_init_check Runtime1 stub}
  0x000000010f38d54c: 8d00 be95 | 8afe ff17 | 22dc 40b9 | 42f0 7dd3 | 82db ffb4 | e203 00f9 

  0x000000010f38d564: ;   {runtime_call g1_pre_barrier_slow}
  0x000000010f38d564: c718 be95 | d9fe ff17 | e0db ffb4 | e103 00f9 

  0x000000010f38d574: ;   {runtime_call g1_post_barrier_slow}
  0x000000010f38d574: 8319 be95 | dcfe ff17 | 20dc 40b9 | 00f0 7dd3 | 00e2 ffb4 | e003 00f9 

  0x000000010f38d58c: ;   {runtime_call g1_pre_barrier_slow}
  0x000000010f38d58c: bd18 be95 | 0dff ff17 | 42e2 ffb4 | e103 00f9 

  0x000000010f38d59c: ;   {runtime_call g1_post_barrier_slow}
  0x000000010f38d59c: 7919 be95 | 0fff ff17 

  0x000000010f38d5a4: ; ImmutableOopMap {c_rarg0=Oop c_rarg2=Oop }
                      ;*invokevirtual convert {reexecute=0 rethrow=0 return_oop=0}
                      ; - org.bytedeco.javacv.OpenCVFrameGrabber::grab@251 (line 316)
                      ;   {runtime_call throw_null_pointer_exception Runtime1 stub}
  0x000000010f38d5a4: 77fd bd95 

  0x000000010f38d5a8: ;   {metadata({method} {0x0000000124b1f908} 'convert' '(Lorg/bytedeco/opencv/opencv_core/Mat;)Lorg/bytedeco/javacv/Frame;' in 'org/bytedeco/javacv/OpenCVFrameConverter$ToMat')}
  0x000000010f38d5a8: 0821 9fd2 | 2896 a4f2 | 2800 c0f2 | e807 00f9 | 0800 8092 | e803 00f9 

  0x000000010f38d5c0: ; ImmutableOopMap {c_rarg0=Oop c_rarg2=Oop }
                      ;*synchronization entry
                      ; - org.bytedeco.javacv.OpenCVFrameConverter$ToMat::convert@-1 (line 55)
                      ; - org.bytedeco.javacv.OpenCVFrameGrabber::grab@251 (line 316)
                      ;   {runtime_call counter_overflow Runtime1 stub}
  0x000000010f38d5c0: 3017 be95 | 20ff ff17 

  0x000000010f38d5c8: ;   {internal_word}
  0x000000010f38d5c8: a8e5 ff10 | 8833 02f9 

  0x000000010f38d5d0: ;   {runtime_call SafepointBlob}
  0x000000010f38d5d0: ccc4 ba15 

  0x000000010f38d5d4: ; ImmutableOopMap {}
                      ;*new {reexecute=0 rethrow=0 return_oop=0}
                      ; - org.bytedeco.javacv.OpenCVFrameGrabber::grab@41 (line 298)
                      ;   {runtime_call throw_null_pointer_exception Runtime1 stub}
  0x000000010f38d5d4: 6bfd bd95 

  0x000000010f38d5d8: ; ImmutableOopMap {}
                      ;*new {reexecute=0 rethrow=0 return_oop=0}
                      ; - org.bytedeco.javacv.OpenCVFrameGrabber::grab@41 (line 298)
                      ;   {runtime_call fast_new_instance_init_check Runtime1 stub}
  0x000000010f38d5d8: 6a00 be95 | 3eff ff17 

  0x000000010f38d5e0: ; ImmutableOopMap {}
                      ;*new {reexecute=0 rethrow=0 return_oop=0}
                      ; - org.bytedeco.javacv.OpenCVFrameGrabber::grab@14 (line 294)
                      ;   {runtime_call throw_null_pointer_exception Runtime1 stub}
  0x000000010f38d5e0: 68fd bd95 

  0x000000010f38d5e4: ; ImmutableOopMap {}
                      ;*new {reexecute=0 rethrow=0 return_oop=0}
                      ; - org.bytedeco.javacv.OpenCVFrameGrabber::grab@14 (line 294)
                      ;   {runtime_call fast_new_instance_init_check Runtime1 stub}
  0x000000010f38d5e4: 6700 be95 | 5fff ff17 | 807f 42f9 | 9f7f 02f9 | 9f83 02f9 | fd7b 51a9 | ff83 0491 

  0x000000010f38d600: ;   {runtime_call unwind_exception Runtime1 stub}
  0x000000010f38d600: a0f9 bd15 | 0000 0000 
[Stub Code]
  0x000000010f38d608: ;   {no_reloc}
  0x000000010f38d608: df3f 03d5 

  0x000000010f38d60c: ;   {metadata(nullptr)}
  0x000000010f38d60c: 0c00 80d2 | 0c00 a0f2 | 0c00 c0f2 | 0800 80d2 | 0800 a0f2 | 0800 c0f2 | 0001 1fd6 

  0x000000010f38d628: ;   {trampoline_stub}
  0x000000010f38d628: 4800 0058 | 0001 1fd6 | d062 8b16 | 0100 0000 

  0x000000010f38d638: ;   {static_stub}
  0x000000010f38d638: df3f 03d5 

  0x000000010f38d63c: ;   {metadata(nullptr)}
  0x000000010f38d63c: 0c00 80d2 | 0c00 a0f2 | 0c00 c0f2 | 0800 80d2 | 0800 a0f2 | 0800 c0f2 | 0001 1fd6 

  0x000000010f38d658: ;   {trampoline_stub}
  0x000000010f38d658: 4800 0058 | 0001 1fd6 | d05e 8b16 | 0100 0000 

  0x000000010f38d668: ;   {static_stub}
  0x000000010f38d668: df3f 03d5 

  0x000000010f38d66c: ;   {metadata(nullptr)}
  0x000000010f38d66c: 0c00 80d2 | 0c00 a0f2 | 0c00 c0f2 | 0800 80d2 | 0800 a0f2 | 0800 c0f2 | 0001 1fd6 

  0x000000010f38d688: ;   {trampoline_stub}
  0x000000010f38d688: 4800 0058 | 0001 1fd6 | 8081 2316 | 0100 0000 

  0x000000010f38d698: ;   {static_stub}
  0x000000010f38d698: df3f 03d5 

  0x000000010f38d69c: ;   {metadata(nullptr)}
  0x000000010f38d69c: 0c00 80d2 | 0c00 a0f2 | 0c00 c0f2 | 0800 80d2 | 0800 a0f2 | 0800 c0f2 | 0001 1fd6 

  0x000000010f38d6b8: ;   {trampoline_stub}
  0x000000010f38d6b8: 4800 0058 | 0001 1fd6 | d005 8b16 | 0100 0000 

  0x000000010f38d6c8: ;   {static_stub}
  0x000000010f38d6c8: df3f 03d5 

  0x000000010f38d6cc: ;   {metadata(nullptr)}
  0x000000010f38d6cc: 0c00 80d2 | 0c00 a0f2 | 0c00 c0f2 | 0800 80d2 | 0800 a0f2 | 0800 c0f2 | 0001 1fd6 

  0x000000010f38d6e8: ;   {trampoline_stub}
  0x000000010f38d6e8: 4800 0058 | 0001 1fd6 | 8081 2316 | 0100 0000 

  0x000000010f38d6f8: ;   {static_stub}
  0x000000010f38d6f8: df3f 03d5 

  0x000000010f38d6fc: ;   {metadata(nullptr)}
  0x000000010f38d6fc: 0c00 80d2 | 0c00 a0f2 | 0c00 c0f2 | 0800 80d2 | 0800 a0f2 | 0800 c0f2 | 0001 1fd6 

  0x000000010f38d718: ;   {trampoline_stub}
  0x000000010f38d718: 4800 0058 | 0001 1fd6 | 8081 2316 | 0100 0000 

  0x000000010f38d728: ;   {static_stub}
  0x000000010f38d728: df3f 03d5 

  0x000000010f38d72c: ;   {metadata(nullptr)}
  0x000000010f38d72c: 0c00 80d2 | 0c00 a0f2 | 0c00 c0f2 | 0800 80d2 | 0800 a0f2 | 0800 c0f2 | 0001 1fd6 

  0x000000010f38d748: ;   {trampoline_stub}
  0x000000010f38d748: 4800 0058 | 0001 1fd6 | 8081 2316 | 0100 0000 

  0x000000010f38d758: ;   {trampoline_stub}
  0x000000010f38d758: 4800 0058 | 0001 1fd6 | 8081 2316 | 0100 0000 

  0x000000010f38d768: ;   {trampoline_stub}
  0x000000010f38d768: 4800 0058 | 0001 1fd6 | 8081 2316 | 0100 0000 

  0x000000010f38d778: ;   {static_stub}
  0x000000010f38d778: df3f 03d5 

  0x000000010f38d77c: ;   {metadata(nullptr)}
  0x000000010f38d77c: 0c00 80d2 | 0c00 a0f2 | 0c00 c0f2 | 0800 80d2 | 0800 a0f2 | 0800 c0f2 | 0001 1fd6 

  0x000000010f38d798: ;   {trampoline_stub}
  0x000000010f38d798: 4800 0058 | 0001 1fd6 | 8081 2316 | 0100 0000 

  0x000000010f38d7a8: ;   {static_stub}
  0x000000010f38d7a8: df3f 03d5 

  0x000000010f38d7ac: ;   {metadata(nullptr)}
  0x000000010f38d7ac: 0c00 80d2 | 0c00 a0f2 | 0c00 c0f2 | 0800 80d2 | 0800 a0f2 | 0800 c0f2 | 0001 1fd6 

  0x000000010f38d7c8: ;   {trampoline_stub}
  0x000000010f38d7c8: 4800 0058 | 0001 1fd6 | 8081 2316 | 0100 0000 

  0x000000010f38d7d8: ;   {static_stub}
  0x000000010f38d7d8: df3f 03d5 

  0x000000010f38d7dc: ;   {metadata(nullptr)}
  0x000000010f38d7dc: 0c00 80d2 | 0c00 a0f2 | 0c00 c0f2 | 0800 80d2 | 0800 a0f2 | 0800 c0f2 | 0001 1fd6 

  0x000000010f38d7f8: ;   {trampoline_stub}
  0x000000010f38d7f8: 4800 0058 | 0001 1fd6 | 8084 2316 | 0100 0000 

  0x000000010f38d808: ;   {static_stub}
  0x000000010f38d808: df3f 03d5 

  0x000000010f38d80c: ;   {metadata(nullptr)}
  0x000000010f38d80c: 0c00 80d2 | 0c00 a0f2 | 0c00 c0f2 | 0800 80d2 | 0800 a0f2 | 0800 c0f2 | 0001 1fd6 

  0x000000010f38d828: ;   {trampoline_stub}
  0x000000010f38d828: 4800 0058 | 0001 1fd6 | 8081 2316 | 0100 0000 

  0x000000010f38d838: ;   {static_stub}
  0x000000010f38d838: df3f 03d5 

  0x000000010f38d83c: ;   {metadata(nullptr)}
  0x000000010f38d83c: 0c00 80d2 | 0c00 a0f2 | 0c00 c0f2 | 0800 80d2 | 0800 a0f2 | 0800 c0f2 | 0001 1fd6 

  0x000000010f38d858: ;   {trampoline_stub}
  0x000000010f38d858: 4800 0058 | 0001 1fd6 | 8081 2316 | 0100 0000 

  0x000000010f38d868: ;   {static_stub}
  0x000000010f38d868: df3f 03d5 

  0x000000010f38d86c: ;   {metadata(nullptr)}
  0x000000010f38d86c: 0c00 80d2 | 0c00 a0f2 | 0c00 c0f2 | 0800 80d2 | 0800 a0f2 | 0800 c0f2 | 0001 1fd6 

  0x000000010f38d888: ;   {trampoline_stub}
  0x000000010f38d888: 4800 0058 | 0001 1fd6 | 8081 2316 | 0100 0000 

  0x000000010f38d898: ;   {trampoline_stub}
  0x000000010f38d898: 4800 0058 | 0001 1fd6 | 8081 2316 | 0100 0000 

  0x000000010f38d8a8: ;   {trampoline_stub}
  0x000000010f38d8a8: 4800 0058 | 0001 1fd6 | 8081 2316 | 0100 0000 

  0x000000010f38d8b8: ;   {static_stub}
  0x000000010f38d8b8: df3f 03d5 

  0x000000010f38d8bc: ;   {metadata(nullptr)}
  0x000000010f38d8bc: 0c00 80d2 | 0c00 a0f2 | 0c00 c0f2 | 0800 80d2 | 0800 a0f2 | 0800 c0f2 | 0001 1fd6 

  0x000000010f38d8d8: ;   {trampoline_stub}
  0x000000010f38d8d8: 4800 0058 | 0001 1fd6 | 8081 2316 | 0100 0000 

  0x000000010f38d8e8: ;   {static_stub}
  0x000000010f38d8e8: df3f 03d5 

  0x000000010f38d8ec: ;   {metadata(nullptr)}
  0x000000010f38d8ec: 0c00 80d2 | 0c00 a0f2 | 0c00 c0f2 | 0800 80d2 | 0800 a0f2 | 0800 c0f2 | 0001 1fd6 

  0x000000010f38d908: ;   {trampoline_stub}
  0x000000010f38d908: 4800 0058 | 0001 1fd6 | 8081 2316 | 0100 0000 

  0x000000010f38d918: ;   {static_stub}
  0x000000010f38d918: df3f 03d5 

  0x000000010f38d91c: ;   {metadata(nullptr)}
  0x000000010f38d91c: 0c00 80d2 | 0c00 a0f2 | 0c00 c0f2 | 0800 80d2 | 0800 a0f2 | 0800 c0f2 | 0001 1fd6 

  0x000000010f38d938: ;   {trampoline_stub}
  0x000000010f38d938: 4800 0058 | 0001 1fd6 | 8084 2316 | 0100 0000 

  0x000000010f38d948: ;   {trampoline_stub}
  0x000000010f38d948: 4800 0058 | 0001 1fd6 | 8087 2316 | 0100 0000 

  0x000000010f38d958: ;   {trampoline_stub}
  0x000000010f38d958: 4800 0058 | 0001 1fd6 | 8087 2316 | 0100 0000 

  0x000000010f38d968: ;   {static_stub}
  0x000000010f38d968: df3f 03d5 

  0x000000010f38d96c: ;   {metadata(nullptr)}
  0x000000010f38d96c: 0c00 80d2 | 0c00 a0f2 | 0c00 c0f2 | 0800 80d2 | 0800 a0f2 | 0800 c0f2 | 0001 1fd6 

  0x000000010f38d988: ;   {trampoline_stub}
  0x000000010f38d988: 4800 0058 | 0001 1fd6 | 408c 370f | 0100 0000 

  0x000000010f38d998: ;   {static_stub}
  0x000000010f38d998: df3f 03d5 

  0x000000010f38d99c: ;   {metadata(nullptr)}
  0x000000010f38d99c: 0c00 80d2 | 0c00 a0f2 | 0c00 c0f2 | 0800 80d2 | 0800 a0f2 | 0800 c0f2 | 0001 1fd6 

  0x000000010f38d9b8: ;   {trampoline_stub}
  0x000000010f38d9b8: 4800 0058 | 0001 1fd6 | 8081 2316 | 0100 0000 

  0x000000010f38d9c8: ;   {static_stub}
  0x000000010f38d9c8: df3f 03d5 

  0x000000010f38d9cc: ;   {metadata(nullptr)}
  0x000000010f38d9cc: 0c00 80d2 | 0c00 a0f2 | 0c00 c0f2 | 0800 80d2 | 0800 a0f2 | 0800 c0f2 | 0001 1fd6 

  0x000000010f38d9e8: ;   {trampoline_stub}
  0x000000010f38d9e8: 4800 0058 | 0001 1fd6 | 8081 2316 | 0100 0000 

  0x000000010f38d9f8: ;   {static_stub}
  0x000000010f38d9f8: df3f 03d5 

  0x000000010f38d9fc: ;   {metadata(nullptr)}
  0x000000010f38d9fc: 0c00 80d2 | 0c00 a0f2 | 0c00 c0f2 | 0800 80d2 | 0800 a0f2 | 0800 c0f2 | 0001 1fd6 

  0x000000010f38da18: ;   {static_stub}
  0x000000010f38da18: df3f 03d5 

  0x000000010f38da1c: ;   {metadata(nullptr)}
  0x000000010f38da1c: 0c00 80d2 | 0c00 a0f2 | 0c00 c0f2 | 0800 80d2 | 0800 a0f2 | 0800 c0f2 | 0001 1fd6 

  0x000000010f38da38: ;   {static_stub}
  0x000000010f38da38: df3f 03d5 

  0x000000010f38da3c: ;   {metadata(nullptr)}
  0x000000010f38da3c: 0c00 80d2 | 0c00 a0f2 | 0c00 c0f2 | 0800 80d2 | 0800 a0f2 | 0800 c0f2 | 0001 1fd6 
[Exception Handler]
  0x000000010f38da58: ;   {runtime_call handle_exception_from_callee Runtime1 stub}
  0x000000010f38da58: 6a06 be95 | c1d5 bbd4 | bb1c c804 | 0100 0000 
[Deopt Handler Code]
  0x000000010f38da68: 1e00 0010 

  0x000000010f38da6c: ;   {runtime_call DeoptimizationBlob}
  0x000000010f38da6c: 75c4 ba15 
[/MachCode]


Compiled method (c1) 68793 3292       3       org.bytedeco.javacv.FrameGrabber::grabFrame (5 bytes)
 total in heap  [0x000000010f38b990,0x000000010f38bd68] = 984
 relocation     [0x000000010f38bae0,0x000000010f38bb18] = 56
 main code      [0x000000010f38bb40,0x000000010f38bc80] = 320
 stub code      [0x000000010f38bc80,0x000000010f38bcc8] = 72
 oops           [0x000000010f38bcc8,0x000000010f38bcd0] = 8
 metadata       [0x000000010f38bcd0,0x000000010f38bd08] = 56
 scopes data    [0x000000010f38bd08,0x000000010f38bd20] = 24
 scopes pcs     [0x000000010f38bd20,0x000000010f38bd60] = 64
 dependencies   [0x000000010f38bd60,0x000000010f38bd68] = 8

[Constant Pool (empty)]

[MachCode]
[Entry Point]
  # {method} {0x0000000125261320} 'grabFrame' '()Lorg/bytedeco/javacv/Frame;' in 'org/bytedeco/javacv/FrameGrabber'
  #           [sp+0x30]  (sp of caller)
  0x000000010f38bb40: 2808 40b9 | 3f01 086b | c001 0054 

  0x000000010f38bb4c: ;   {runtime_call ic_miss_stub}
  0x000000010f38bb4c: cdb0 ba15 | 1f20 03d5 | 1f20 03d5 | 1f20 03d5 | 1f20 03d5 | 1f20 03d5 | 1f20 03d5 | 1f20 03d5 
  0x000000010f38bb6c: 1f20 03d5 | 1f20 03d5 | 1f20 03d5 | 1f20 03d5 | 1f20 03d5 
[Verified Entry Point]
  0x000000010f38bb80: 1f20 03d5 | e953 40d1 | 3f01 00f9 | ffc3 00d1 | fd7b 02a9 | 2801 0018 | 8923 40b9 | 1f01 09eb 
  0x000000010f38bba0: e000 0054 | 0830 83d2 | 88c4 a2f2 | 2800 c0f2 | 0001 3fd6 | 0200 0014 | 0400 0000 

  0x000000010f38bbbc: ;   {metadata(method data for {method} {0x0000000125261320} 'grabFrame' '()Lorg/bytedeco/javacv/Frame;' in 'org/bytedeco/javacv/FrameGrabber')}
  0x000000010f38bbbc: 0015 84d2 | 00a8 a4f2 | 2000 c0f2 | 02ac 40b9 | 4208 0011 | 02ac 00b9 | 4224 1f12 | 5f00 0071 
  0x000000010f38bbdc: e002 0054 | e003 01aa 

  0x000000010f38bbe4: ;   {metadata(method data for {method} {0x0000000125261320} 'grabFrame' '()Lorg/bytedeco/javacv/Frame;' in 'org/bytedeco/javacv/FrameGrabber')}
  0x000000010f38bbe4: 0215 84d2 | 02a8 a4f2 | 2200 c0f2 

  0x000000010f38bbf0: ;   {metadata('org/bytedeco/javacv/OpenCVFrameGrabber')}
  0x000000010f38bbf0: 08ad 88d2 | 0824 a0f2 | 080e c0f2 | 4900 0491 | 2801 00f9 | 4884 40f9 | 0805 0091 | 4884 00f9 
  0x000000010f38bc10: ; ImmutableOopMap {}
                      ;*invokevirtual grab {reexecute=0 rethrow=0 return_oop=0}
                      ; - org.bytedeco.javacv.FrameGrabber::grabFrame@1 (line 549)
                      ;   {optimized virtual_call}
  0x000000010f38bc10: bc01 0094 

  0x000000010f38bc14: ;   {other}
  0x000000010f38bc14: 1f20 03d5 | 9f50 80f2 | 1f00 80f2 | fd7b 42a9 | ffc3 0091 

  0x000000010f38bc28: ;   {poll_return}
  0x000000010f38bc28: 8827 42f9 | ff63 28eb | 4801 0054 | c003 5fd6 

  0x000000010f38bc38: ;   {metadata({method} {0x0000000125261320} 'grabFrame' '()Lorg/bytedeco/javacv/Frame;' in 'org/bytedeco/javacv/FrameGrabber')}
  0x000000010f38bc38: 0864 82d2 | c8a4 a4f2 | 2800 c0f2 | e807 00f9 | 0800 8092 | e803 00f9 

  0x000000010f38bc50: ; ImmutableOopMap {c_rarg1=Oop }
                      ;*synchronization entry
                      ; - org.bytedeco.javacv.FrameGrabber::grabFrame@-1 (line 549)
                      ;   {runtime_call counter_overflow Runtime1 stub}
  0x000000010f38bc50: 8c1d be95 | e3ff ff17 

  0x000000010f38bc58: ;   {internal_word}
  0x000000010f38bc58: 88fe ff10 | 8833 02f9 

  0x000000010f38bc60: ;   {runtime_call SafepointBlob}
  0x000000010f38bc60: 28cb ba15 | 807f 42f9 | 9f7f 02f9 | 9f83 02f9 | fd7b 42a9 | ffc3 0091 

  0x000000010f38bc78: ;   {runtime_call unwind_exception Runtime1 stub}
  0x000000010f38bc78: 0200 be15 | 0000 0000 
[Stub Code]
  0x000000010f38bc80: ;   {no_reloc}
  0x000000010f38bc80: df3f 03d5 

  0x000000010f38bc84: ;   {metadata(nullptr)}
  0x000000010f38bc84: 0c00 80d2 | 0c00 a0f2 | 0c00 c0f2 | 0800 80d2 | 0800 a0f2 | 0800 c0f2 | 0001 1fd6 

  0x000000010f38bca0: ;   {trampoline_stub}
  0x000000010f38bca0: 4800 0058 | 0001 1fd6 | 00c3 380f | 0100 0000 
[Exception Handler]
  0x000000010f38bcb0: ;   {runtime_call handle_exception_from_callee Runtime1 stub}
  0x000000010f38bcb0: d40d be95 | c1d5 bbd4 | bb1c c804 | 0100 0000 
[Deopt Handler Code]
  0x000000010f38bcc0: 1e00 0010 

  0x000000010f38bcc4: ;   {runtime_call DeoptimizationBlob}
  0x000000010f38bcc4: dfcb ba15 
[/MachCode]


---------------  P R O C E S S  ---------------

Threads class SMR info:
_java_thread_list=0x000060000334b300, length=22, elements={
0x000000015604e200, 0x0000000154077600, 0x0000000155815400, 0x0000000156050400,
0x0000000156050c00, 0x0000000134008200, 0x0000000153821c00, 0x000000015608e000,
0x000000013400c200, 0x000000012a00a400, 0x0000000155814800, 0x000000015500fc00,
0x0000000134009400, 0x000000013389ac00, 0x000000015501dc00, 0x000000013389f800,
0x000000012a064800, 0x000000012a065000, 0x000000015407b400, 0x00000001565cd800,
0x0000000156141600, 0x000000015502f600
}

Java Threads: ( => current thread )
  0x000000015604e200 JavaThread "Reference Handler"          daemon [_thread_blocked, id=24323, stack(0x000000016e428000,0x000000016e62b000) (2060K)]
  0x0000000154077600 JavaThread "Finalizer"                  daemon [_thread_blocked, id=24835, stack(0x000000016e634000,0x000000016e837000) (2060K)]
  0x0000000155815400 JavaThread "Signal Dispatcher"          daemon [_thread_blocked, id=25091, stack(0x000000016e840000,0x000000016ea43000) (2060K)]
  0x0000000156050400 JavaThread "Service Thread"             daemon [_thread_blocked, id=25347, stack(0x000000016ea4c000,0x000000016ec4f000) (2060K)]
  0x0000000156050c00 JavaThread "Monitor Deflation Thread"   daemon [_thread_blocked, id=25603, stack(0x000000016ec58000,0x000000016ee5b000) (2060K)]
  0x0000000134008200 JavaThread "C2 CompilerThread0"         daemon [_thread_blocked, id=26115, stack(0x000000016ee64000,0x000000016f067000) (2060K)]
  0x0000000153821c00 JavaThread "C1 CompilerThread0"         daemon [_thread_blocked, id=28675, stack(0x000000016f070000,0x000000016f273000) (2060K)]
  0x000000015608e000 JavaThread "Common-Cleaner"             daemon [_thread_blocked, id=28163, stack(0x000000016f27c000,0x000000016f47f000) (2060K)]
  0x000000013400c200 JavaThread "Monitor Ctrl-Break"         daemon [_thread_in_native, id=26371, stack(0x000000016f488000,0x000000016f68b000) (2060K)]
  0x000000012a00a400 JavaThread "Notification Thread"        daemon [_thread_blocked, id=27395, stack(0x000000016f694000,0x000000016f897000) (2060K)]
  0x0000000155814800 JavaThread "AppKit Thread"              daemon [_thread_in_native, id=259, stack(0x000000016ca28000,0x000000016d224000) (8176K)]
  0x000000015500fc00 JavaThread "AWT-Shutdown"                      [_thread_blocked, id=45059, stack(0x000000016f8a0000,0x000000016faa3000) (2060K)]
  0x0000000134009400 JavaThread "Java2D Queue Flusher"       daemon [_thread_blocked, id=52495, stack(0x000000016fbc4000,0x000000016fdc7000) (2060K)]
  0x000000013389ac00 JavaThread "Java2D Disposer"            daemon [_thread_blocked, id=83459, stack(0x000000016fdd0000,0x000000016ffd3000) (2060K)]
  0x000000015501dc00 JavaThread "AWT-EventQueue-0"                  [_thread_blocked, id=82699, stack(0x0000000308514000,0x0000000308717000) (2060K)]
  0x000000013389f800 JavaThread "Thread-0"                          [_thread_in_native, id=87811, stack(0x0000000389cd4000,0x0000000389ed7000) (2060K)]
  0x000000012a064800 JavaThread "Thread-1"                          [_thread_in_native, id=126731, stack(0x000000038ad34000,0x000000038af37000) (2060K)]
  0x000000012a065000 JavaThread "DestroyJavaVM"                     [_thread_blocked, id=4355, stack(0x000000016d2b0000,0x000000016d4b3000) (2060K)]
  0x000000015407b400 JavaThread "TimerQueue"                 daemon [_thread_blocked, id=124683, stack(0x000000038ccc4000,0x000000038cec7000) (2060K)]
  0x00000001565cd800 JavaThread "Java Sound Event Dispatcher" daemon [_thread_blocked, id=106243, stack(0x00000003b0120000,0x00000003b0323000) (2060K)]
  0x0000000156141600 JavaThread "JavaCPP Deallocator"        daemon [_thread_blocked, id=170507, stack(0x00000003b1498000,0x00000003b169b000) (2060K)]
=>0x000000015502f600 JavaThread "Thread-2"                          [_thread_in_native, id=247047, stack(0x00000003ee798000,0x00000003ee99b000) (2060K)]
Total: 22

Other Threads:
  0x000000015370a730 VMThread "VM Thread"                           [id=19715, stack(0x000000016e104000,0x000000016e307000) (2060K)]
  0x0000000153709670 WatcherThread "VM Periodic Task Thread"        [id=20995, stack(0x000000016def8000,0x000000016e0fb000) (2060K)]
  0x0000000154a07fd0 WorkerThread "GC Thread#0"                     [id=12035, stack(0x000000016d4bc000,0x000000016d6bf000) (2060K)]
  0x0000000154a5f6e0 WorkerThread "GC Thread#1"                     [id=130823, stack(0x0000000389ee0000,0x000000038a0e3000) (2060K)]
  0x0000000154a5fc50 WorkerThread "GC Thread#2"                     [id=87559, stack(0x000000038a0ec000,0x000000038a2ef000) (2060K)]
  0x0000000154a601c0 WorkerThread "GC Thread#3"                     [id=129795, stack(0x000000038a2f8000,0x000000038a4fb000) (2060K)]
  0x0000000154a60730 WorkerThread "GC Thread#4"                     [id=129539, stack(0x000000038a504000,0x000000038a707000) (2060K)]
  0x0000000133634150 WorkerThread "GC Thread#5"                     [id=129027, stack(0x000000038a710000,0x000000038a913000) (2060K)]
  0x00000001336346c0 WorkerThread "GC Thread#6"                     [id=128771, stack(0x000000038a91c000,0x000000038ab1f000) (2060K)]
  0x0000000133635020 WorkerThread "GC Thread#7"                     [id=128515, stack(0x000000038ab28000,0x000000038ad2b000) (2060K)]
  0x00000003b050e420 WorkerThread "GC Thread#8"                     [id=170771, stack(0x00000003b16a4000,0x00000003b18a7000) (2060K)]
  0x000000034a071880 WorkerThread "GC Thread#9"                     [id=95527, stack(0x00000003b18b0000,0x00000003b1ab3000) (2060K)]
  0x0000000153604fb0 ConcurrentGCThread "G1 Main Marker"            [id=12291, stack(0x000000016d6c8000,0x000000016d8cb000) (2060K)]
  0x0000000153705ac0 WorkerThread "G1 Conc#0"                       [id=12547, stack(0x000000016d8d4000,0x000000016dad7000) (2060K)]
  0x00000003b05ae220 WorkerThread "G1 Conc#1"                       [id=81727, stack(0x00000003eeed4000,0x00000003ef0d7000) (2060K)]
  0x0000000154a611f0 WorkerThread "G1 Conc#2"                       [id=378907, stack(0x00000003f04b8000,0x00000003f06bb000) (2060K)]
  0x000000015406e800 ConcurrentGCThread "G1 Refine#0"               [id=12803, stack(0x000000016dae0000,0x000000016dce3000) (2060K)]
  0x0000000153708560 ConcurrentGCThread "G1 Service"                [id=21507, stack(0x000000016dcec000,0x000000016deef000) (2060K)]
Total: 18

Threads with active compile tasks:
Total: 0

VM state: not at safepoint (normal execution)

VM Mutex/Monitor currently owned by a thread: None

Heap address: 0x0000000700000000, size: 4096 MB, Compressed Oops mode: Zero based, Oop shift amount: 3

CDS archive(s) mapped at: [0x0000007000000000-0x0000007000c9c000-0x0000007000c9c000), size 13221888, SharedBaseAddress: 0x0000007000000000, ArchiveRelocationMode: 1.
Compressed class space mapped at: 0x0000007001000000-0x0000007041000000, reserved size: 1073741824
Narrow klass base: 0x0000007000000000, Narrow klass shift: 0, Narrow klass range: 0x100000000

GC Precious Log:
 CardTable entry size: 512
 Card Set container configuration: InlinePtr #cards 4 size 8 Array Of Cards #cards 16 size 48 Howl #buckets 8 coarsen threshold 3686 Howl Bitmap #cards 512 size 80 coarsen threshold 460 Card regions per heap region 1 cards per card region 4096
 CPUs: 12 total, 12 available
 Memory: 16384M
 Large Page Support: Disabled
 NUMA Support: Disabled
 Compressed Oops: Enabled (Zero based)
 Heap Region Size: 2M
 Heap Min Capacity: 8M
 Heap Initial Capacity: 256M
 Heap Max Capacity: 4G
 Pre-touch: Disabled
 Parallel Workers: 10
 Concurrent Workers: 3
 Concurrent Refinement Workers: 10
 Periodic GC: Disabled

Heap:
 garbage-first heap   total 153600K, used 83112K [0x0000000700000000, 0x0000000800000000)
  region size 2048K, 16 young (32768K), 1 survivors (2048K)
 Metaspace       used 21396K, committed 21696K, reserved 1114112K
  class space    used 1866K, committed 1984K, reserved 1048576K

Heap Regions: E=young(eden), S=young(survivor), O=old, HS=humongous(starts), HC=humongous(continues), CS=collection set, F=free, TAMS=top-at-mark-start, PB=parsable bottom
|   0|0x0000000700000000, 0x0000000700200000, 0x0000000700200000|100%|HS|  |TAMS 0x0000000700000000| PB 0x0000000700000000| Complete 
|   1|0x0000000700200000, 0x0000000700400000, 0x0000000700400000|100%| O|  |TAMS 0x0000000700200000| PB 0x0000000700200000| Untracked 
|   2|0x0000000700400000, 0x0000000700600000, 0x0000000700600000|100%| O|  |TAMS 0x0000000700400000| PB 0x0000000700400000| Untracked 
|   3|0x0000000700600000, 0x0000000700800000, 0x0000000700800000|100%| O|  |TAMS 0x0000000700600000| PB 0x0000000700600000| Untracked 
|   4|0x0000000700800000, 0x0000000700a00000, 0x0000000700a00000|100%| O|  |TAMS 0x0000000700800000| PB 0x0000000700800000| Untracked 
|   5|0x0000000700a00000, 0x0000000700c00000, 0x0000000700c00000|100%| O|  |TAMS 0x0000000700a00000| PB 0x0000000700a00000| Untracked 
|   6|0x0000000700c00000, 0x0000000700c00000, 0x0000000700e00000|  0%| F|  |TAMS 0x0000000700c00000| PB 0x0000000700c00000| Untracked 
|   7|0x0000000700e00000, 0x0000000700e9a718, 0x0000000701000000| 30%| O|  |TAMS 0x0000000700e00000| PB 0x0000000700e00000| Untracked 
|   8|0x0000000701000000, 0x0000000701200000, 0x0000000701200000|100%| O|  |TAMS 0x0000000701000000| PB 0x0000000701000000| Untracked 
|   9|0x0000000701200000, 0x0000000701400000, 0x0000000701400000|100%| O|  |TAMS 0x0000000701200000| PB 0x0000000701200000| Untracked 
|  10|0x0000000701400000, 0x0000000701600000, 0x0000000701600000|100%| O|  |TAMS 0x0000000701400000| PB 0x0000000701400000| Untracked 
|  11|0x0000000701600000, 0x0000000701800000, 0x0000000701800000|100%| O|  |TAMS 0x0000000701600000| PB 0x0000000701600000| Untracked 
|  12|0x0000000701800000, 0x0000000701800000, 0x0000000701a00000|  0%| F|  |TAMS 0x0000000701800000| PB 0x0000000701800000| Untracked 
|  13|0x0000000701a00000, 0x0000000701c00000, 0x0000000701c00000|100%|HS|  |TAMS 0x0000000701a00000| PB 0x0000000701a00000| Complete 
|  14|0x0000000701c00000, 0x0000000701e00000, 0x0000000701e00000|100%|HC|  |TAMS 0x0000000701c00000| PB 0x0000000701c00000| Complete 
|  15|0x0000000701e00000, 0x0000000702000000, 0x0000000702000000|100%|HC|  |TAMS 0x0000000701e00000| PB 0x0000000701e00000| Complete 
|  16|0x0000000702000000, 0x0000000702200000, 0x0000000702200000|100%|HC|  |TAMS 0x0000000702000000| PB 0x0000000702000000| Complete 
|  17|0x0000000702200000, 0x0000000702400000, 0x0000000702400000|100%|HS|  |TAMS 0x0000000702200000| PB 0x0000000702200000| Complete 
|  18|0x0000000702400000, 0x0000000702600000, 0x0000000702600000|100%|HC|  |TAMS 0x0000000702400000| PB 0x0000000702400000| Complete 
|  19|0x0000000702600000, 0x0000000702800000, 0x0000000702800000|100%|HC|  |TAMS 0x0000000702600000| PB 0x0000000702600000| Complete 
|  20|0x0000000702800000, 0x0000000702a00000, 0x0000000702a00000|100%|HC|  |TAMS 0x0000000702800000| PB 0x0000000702800000| Complete 
|  21|0x0000000702a00000, 0x0000000702c00000, 0x0000000702c00000|100%|HC|  |TAMS 0x0000000702a00000| PB 0x0000000702a00000| Complete 
|  22|0x0000000702c00000, 0x0000000702e00000, 0x0000000702e00000|100%|HS|  |TAMS 0x0000000702c00000| PB 0x0000000702c00000| Complete 
|  23|0x0000000702e00000, 0x0000000703000000, 0x0000000703000000|100%|HC|  |TAMS 0x0000000702e00000| PB 0x0000000702e00000| Complete 
|  24|0x0000000703000000, 0x0000000703200000, 0x0000000703200000|100%|HS|  |TAMS 0x0000000703000000| PB 0x0000000703000000| Complete 
|  25|0x0000000703200000, 0x0000000703400000, 0x0000000703400000|100%|HC|  |TAMS 0x0000000703200000| PB 0x0000000703200000| Complete 
|  26|0x0000000703400000, 0x0000000703600000, 0x0000000703600000|100%|HC|  |TAMS 0x0000000703400000| PB 0x0000000703400000| Complete 
|  27|0x0000000703600000, 0x0000000703800000, 0x0000000703800000|100%|HC|  |TAMS 0x0000000703600000| PB 0x0000000703600000| Complete 
|  28|0x0000000703800000, 0x0000000703a00000, 0x0000000703a00000|100%|HC|  |TAMS 0x0000000703800000| PB 0x0000000703800000| Complete 
|  29|0x0000000703a00000, 0x0000000703b7b728, 0x0000000703c00000| 74%| S|CS|TAMS 0x0000000703a00000| PB 0x0000000703a00000| Complete 
|  30|0x0000000703c00000, 0x0000000703c00000, 0x0000000703e00000|  0%| F|  |TAMS 0x0000000703c00000| PB 0x0000000703c00000| Untracked 
|  31|0x0000000703e00000, 0x0000000703e00000, 0x0000000704000000|  0%| F|  |TAMS 0x0000000703e00000| PB 0x0000000703e00000| Untracked 
|  32|0x0000000704000000, 0x0000000704000000, 0x0000000704200000|  0%| F|  |TAMS 0x0000000704000000| PB 0x0000000704000000| Untracked 
|  33|0x0000000704200000, 0x0000000704200000, 0x0000000704400000|  0%| F|  |TAMS 0x0000000704200000| PB 0x0000000704200000| Untracked 
|  34|0x0000000704400000, 0x0000000704400000, 0x0000000704600000|  0%| F|  |TAMS 0x0000000704400000| PB 0x0000000704400000| Untracked 
|  35|0x0000000704600000, 0x0000000704600000, 0x0000000704800000|  0%| F|  |TAMS 0x0000000704600000| PB 0x0000000704600000| Untracked 
|  36|0x0000000704800000, 0x0000000704800000, 0x0000000704a00000|  0%| F|  |TAMS 0x0000000704800000| PB 0x0000000704800000| Untracked 
|  37|0x0000000704a00000, 0x0000000704a00000, 0x0000000704c00000|  0%| F|  |TAMS 0x0000000704a00000| PB 0x0000000704a00000| Untracked 
|  38|0x0000000704c00000, 0x0000000704c00000, 0x0000000704e00000|  0%| F|  |TAMS 0x0000000704c00000| PB 0x0000000704c00000| Untracked 
|  39|0x0000000704e00000, 0x0000000704e00000, 0x0000000705000000|  0%| F|  |TAMS 0x0000000704e00000| PB 0x0000000704e00000| Untracked 
|  40|0x0000000705000000, 0x0000000705000000, 0x0000000705200000|  0%| F|  |TAMS 0x0000000705000000| PB 0x0000000705000000| Untracked 
|  41|0x0000000705200000, 0x0000000705200000, 0x0000000705400000|  0%| F|  |TAMS 0x0000000705200000| PB 0x0000000705200000| Untracked 
|  42|0x0000000705400000, 0x0000000705400000, 0x0000000705600000|  0%| F|  |TAMS 0x0000000705400000| PB 0x0000000705400000| Untracked 
|  43|0x0000000705600000, 0x0000000705600000, 0x0000000705800000|  0%| F|  |TAMS 0x0000000705600000| PB 0x0000000705600000| Untracked 
|  44|0x0000000705800000, 0x0000000705800000, 0x0000000705a00000|  0%| F|  |TAMS 0x0000000705800000| PB 0x0000000705800000| Untracked 
|  45|0x0000000705a00000, 0x0000000705a00000, 0x0000000705c00000|  0%| F|  |TAMS 0x0000000705a00000| PB 0x0000000705a00000| Untracked 
|  46|0x0000000705c00000, 0x0000000705c00000, 0x0000000705e00000|  0%| F|  |TAMS 0x0000000705c00000| PB 0x0000000705c00000| Untracked 
|  47|0x0000000705e00000, 0x0000000705e00000, 0x0000000706000000|  0%| F|  |TAMS 0x0000000705e00000| PB 0x0000000705e00000| Untracked 
|  48|0x0000000706000000, 0x0000000706000000, 0x0000000706200000|  0%| F|  |TAMS 0x0000000706000000| PB 0x0000000706000000| Untracked 
|  49|0x0000000706200000, 0x0000000706200000, 0x0000000706400000|  0%| F|  |TAMS 0x0000000706200000| PB 0x0000000706200000| Untracked 
|  50|0x0000000706400000, 0x0000000706400000, 0x0000000706600000|  0%| F|  |TAMS 0x0000000706400000| PB 0x0000000706400000| Untracked 
|  51|0x0000000706600000, 0x0000000706600000, 0x0000000706800000|  0%| F|  |TAMS 0x0000000706600000| PB 0x0000000706600000| Untracked 
|  52|0x0000000706800000, 0x0000000706800000, 0x0000000706a00000|  0%| F|  |TAMS 0x0000000706800000| PB 0x0000000706800000| Untracked 
|  53|0x0000000706a00000, 0x0000000706a00000, 0x0000000706c00000|  0%| F|  |TAMS 0x0000000706a00000| PB 0x0000000706a00000| Untracked 
|  54|0x0000000706c00000, 0x0000000706c00000, 0x0000000706e00000|  0%| F|  |TAMS 0x0000000706c00000| PB 0x0000000706c00000| Untracked 
|  55|0x0000000706e00000, 0x0000000706e00000, 0x0000000707000000|  0%| F|  |TAMS 0x0000000706e00000| PB 0x0000000706e00000| Untracked 
|  56|0x0000000707000000, 0x0000000707000000, 0x0000000707200000|  0%| F|  |TAMS 0x0000000707000000| PB 0x0000000707000000| Untracked 
|  57|0x0000000707200000, 0x0000000707200000, 0x0000000707400000|  0%| F|  |TAMS 0x0000000707200000| PB 0x0000000707200000| Untracked 
|  58|0x0000000707400000, 0x0000000707400000, 0x0000000707600000|  0%| F|  |TAMS 0x0000000707400000| PB 0x0000000707400000| Untracked 
|  59|0x0000000707600000, 0x000000070762f570, 0x0000000707800000|  9%| E|  |TAMS 0x0000000707600000| PB 0x0000000707600000| Complete 
|  60|0x0000000707800000, 0x0000000707a00000, 0x0000000707a00000|100%| E|CS|TAMS 0x0000000707800000| PB 0x0000000707800000| Complete 
|  61|0x0000000707a00000, 0x0000000707c00000, 0x0000000707c00000|100%| E|  |TAMS 0x0000000707a00000| PB 0x0000000707a00000| Complete 
|  62|0x0000000707c00000, 0x0000000707e00000, 0x0000000707e00000|100%| E|CS|TAMS 0x0000000707c00000| PB 0x0000000707c00000| Complete 
|  63|0x0000000707e00000, 0x0000000708000000, 0x0000000708000000|100%| E|CS|TAMS 0x0000000707e00000| PB 0x0000000707e00000| Complete 
|  64|0x0000000708000000, 0x0000000708200000, 0x0000000708200000|100%| E|CS|TAMS 0x0000000708000000| PB 0x0000000708000000| Complete 
|  65|0x0000000708200000, 0x0000000708400000, 0x0000000708400000|100%| E|CS|TAMS 0x0000000708200000| PB 0x0000000708200000| Complete 
|  66|0x0000000708400000, 0x0000000708600000, 0x0000000708600000|100%| E|CS|TAMS 0x0000000708400000| PB 0x0000000708400000| Complete 
|  67|0x0000000708600000, 0x0000000708800000, 0x0000000708800000|100%| E|CS|TAMS 0x0000000708600000| PB 0x0000000708600000| Complete 
|  68|0x0000000708800000, 0x0000000708a00000, 0x0000000708a00000|100%| E|CS|TAMS 0x0000000708800000| PB 0x0000000708800000| Complete 
| 124|0x000000070f800000, 0x000000070fa00000, 0x000000070fa00000|100%| E|CS|TAMS 0x000000070f800000| PB 0x000000070f800000| Complete 
| 125|0x000000070fa00000, 0x000000070fc00000, 0x000000070fc00000|100%| E|CS|TAMS 0x000000070fa00000| PB 0x000000070fa00000| Complete 
| 126|0x000000070fc00000, 0x000000070fe00000, 0x000000070fe00000|100%| E|CS|TAMS 0x000000070fc00000| PB 0x000000070fc00000| Complete 
| 127|0x000000070fe00000, 0x0000000710000000, 0x0000000710000000|100%| E|CS|TAMS 0x000000070fe00000| PB 0x000000070fe00000| Complete 
| 128|0x0000000710000000, 0x0000000710200000, 0x0000000710200000|100%| E|CS|TAMS 0x0000000710000000| PB 0x0000000710000000| Complete 
|2047|0x00000007ffe00000, 0x00000007fff14420, 0x0000000800000000| 53%| O|  |TAMS 0x00000007ffe00000| PB 0x00000007ffe00000| Untracked 

Card table byte_map: [0x0000000103848000,0x0000000104048000] _byte_map_base: 0x0000000100048000

Marking Bits: (CMBitMap*) 0x0000000153808810
 Bits: [0x000000011dcc8000, 0x0000000121cc8000)

Polling page: 0x0000000102c7c000

Metaspace:

Usage:
  Non-class:     19.07 MB used.
      Class:      1.82 MB used.
       Both:     20.89 MB used.

Virtual space:
  Non-class space:       64.00 MB reserved,      19.25 MB ( 30%) committed,  1 nodes.
      Class space:        1.00 GB reserved,       1.94 MB ( <1%) committed,  1 nodes.
             Both:        1.06 GB reserved,      21.19 MB (  2%) committed. 

Chunk freelists:
   Non-Class:  10.97 MB
       Class:  13.95 MB
        Both:  24.92 MB

MaxMetaspaceSize: unlimited
CompressedClassSpaceSize: 1.00 GB
Initial GC threshold: 21.00 MB
Current GC threshold: 35.12 MB
CDS: on
 - commit_granule_bytes: 65536.
 - commit_granule_words: 8192.
 - virtual_space_node_default_size: 8388608.
 - enlarge_chunks_in_place: 1.
 - use_allocation_guard: 0.


Internal statistics:

num_allocs_failed_limit: 3.
num_arena_births: 314.
num_arena_deaths: 0.
num_vsnodes_births: 2.
num_vsnodes_deaths: 0.
num_space_committed: 337.
num_space_uncommitted: 0.
num_chunks_returned_to_freelist: 3.
num_chunks_taken_from_freelist: 651.
num_chunk_merges: 3.
num_chunk_splits: 451.
num_chunks_enlarged: 302.
num_inconsistent_stats: 0.

CodeHeap 'non-profiled nmethods': size=120032Kb used=1448Kb max_used=1448Kb free=118583Kb
 bounds [0x0000000116790000, 0x0000000116a00000, 0x000000011dcc8000]
CodeHeap 'profiled nmethods': size=120016Kb used=7620Kb max_used=7620Kb free=112395Kb
 bounds [0x000000010ecc8000, 0x000000010f448000, 0x00000001161fc000]
CodeHeap 'non-nmethods': size=5712Kb used=2099Kb max_used=2151Kb free=3612Kb
 bounds [0x00000001161fc000, 0x000000011646c000, 0x0000000116790000]
 total_blobs=4869 nmethods=3569 adapters=1207
 compilation: enabled
              stopped_count=0, restarted_count=0
 full_count=0

Compilation events (20 events):
Event: 67.926 Thread 0x0000000134008200 3584       4       java.lang.String::checkBoundsOffCount (10 bytes)
Event: 67.927 Thread 0x0000000134008200 nmethod 3584 0x00000001168f8610 code [0x00000001168f8780, 0x00000001168f8850]
Event: 67.927 Thread 0x0000000134008200 3585  s    4       java.net.DatagramPacket::getSocketAddress (16 bytes)
Event: 67.929 Thread 0x0000000134008200 nmethod 3585 0x00000001168f8910 code [0x00000001168f8ac0, 0x00000001168f9010]
Event: 67.951 Thread 0x0000000153821c00 3586       3       java.awt.geom.Path2D::append (13 bytes)
Event: 67.951 Thread 0x0000000153821c00 nmethod 3586 0x000000010f436390 code [0x000000010f436540, 0x000000010f436860]
Event: 67.951 Thread 0x0000000153821c00 3587       3       sun.java2d.loops.ProcessPath::TESTANDCLIP (99 bytes)
Event: 67.951 Thread 0x0000000153821c00 nmethod 3587 0x000000010f436990 code [0x000000010f436b80, 0x000000010f437000]
Event: 67.951 Thread 0x0000000153821c00 3588       3       java.util.LinkedHashMap::afterNodeAccess (266 bytes)
Event: 67.952 Thread 0x0000000153821c00 nmethod 3588 0x000000010f437190 code [0x000000010f437400, 0x000000010f437f30]
Event: 67.953 Thread 0x0000000134008200 3589       4       sun.java2d.SunGraphics2D::dispose (12 bytes)
Event: 67.954 Thread 0x0000000153821c00 3590       3       java.lang.String::getChars (55 bytes)
Event: 67.954 Thread 0x0000000153821c00 nmethod 3590 0x000000010f438190 code [0x000000010f438440, 0x000000010f438bd0]
Event: 67.954 Thread 0x0000000153821c00 3591       3       java.lang.StringLatin1::getChars (12 bytes)
Event: 67.954 Thread 0x0000000153821c00 nmethod 3591 0x000000010f438f10 code [0x000000010f4390c0, 0x000000010f439200]
Event: 67.955 Thread 0x0000000153821c00 3593       1       sun.awt.geom.CurveLink::getNext (5 bytes)
Event: 67.955 Thread 0x0000000153821c00 nmethod 3593 0x00000001168f9190 code [0x00000001168f9300, 0x00000001168f93a8]
Event: 67.956 Thread 0x0000000134008200 nmethod 3589 0x00000001168f9490 code [0x00000001168f9640, 0x00000001168f9d30]
Event: 67.956 Thread 0x0000000134008200 3592   !   4       javax.swing.UIManager::getLAFState (61 bytes)
Event: 67.957 Thread 0x0000000134008200 nmethod 3592 0x00000001168f9d90 code [0x00000001168f9f40, 0x00000001168fa0d8]

GC Heap History (20 events):
Event: 40.135 GC heap before
{Heap before GC invocations=6 (full 0):
 garbage-first heap   total 266240K, used 42872K [0x0000000700000000, 0x0000000800000000)
  region size 2048K, 4 young (8192K), 3 survivors (6144K)
 Metaspace       used 21246K, committed 21504K, reserved 1114112K
  class space    used 1862K, committed 1984K, reserved 1048576K
}
Event: 40.137 GC heap after
{Heap after GC invocations=7 (full 0):
 garbage-first heap   total 266240K, used 43667K [0x0000000700000000, 0x0000000800000000)
  region size 2048K, 3 young (6144K), 3 survivors (6144K)
 Metaspace       used 21246K, committed 21504K, reserved 1114112K
  class space    used 1862K, committed 1984K, reserved 1048576K
}
Event: 42.676 GC heap before
{Heap before GC invocations=8 (full 0):
 garbage-first heap   total 151552K, used 135827K [0x0000000700000000, 0x0000000800000000)
  region size 2048K, 44 young (90112K), 3 survivors (6144K)
 Metaspace       used 21255K, committed 21568K, reserved 1114112K
  class space    used 1862K, committed 1984K, reserved 1048576K
}
Event: 42.678 GC heap after
{Heap after GC invocations=9 (full 0):
 garbage-first heap   total 151552K, used 43453K [0x0000000700000000, 0x0000000800000000)
  region size 2048K, 3 young (6144K), 3 survivors (6144K)
 Metaspace       used 21255K, committed 21568K, reserved 1114112K
  class space    used 1862K, committed 1984K, reserved 1048576K
}
Event: 45.226 GC heap before
{Heap before GC invocations=9 (full 0):
 garbage-first heap   total 151552K, used 133565K [0x0000000700000000, 0x0000000800000000)
  region size 2048K, 43 young (88064K), 3 survivors (6144K)
 Metaspace       used 21266K, committed 21568K, reserved 1114112K
  class space    used 1862K, committed 1984K, reserved 1048576K
}
Event: 45.228 GC heap after
{Heap after GC invocations=10 (full 0):
 garbage-first heap   total 151552K, used 41750K [0x0000000700000000, 0x0000000800000000)
  region size 2048K, 3 young (6144K), 3 survivors (6144K)
 Metaspace       used 21266K, committed 21568K, reserved 1114112K
  class space    used 1862K, committed 1984K, reserved 1048576K
}
Event: 48.294 GC heap before
{Heap before GC invocations=10 (full 0):
 garbage-first heap   total 151552K, used 133910K [0x0000000700000000, 0x0000000800000000)
  region size 2048K, 44 young (90112K), 3 survivors (6144K)
 Metaspace       used 21266K, committed 21568K, reserved 1114112K
  class space    used 1862K, committed 1984K, reserved 1048576K
}
Event: 48.296 GC heap after
{Heap after GC invocations=11 (full 0):
 garbage-first heap   total 151552K, used 43092K [0x0000000700000000, 0x0000000800000000)
  region size 2048K, 4 young (8192K), 4 survivors (8192K)
 Metaspace       used 21266K, committed 21568K, reserved 1114112K
  class space    used 1862K, committed 1984K, reserved 1048576K
}
Event: 51.822 GC heap before
{Heap before GC invocations=11 (full 0):
 garbage-first heap   total 151552K, used 133204K [0x0000000700000000, 0x0000000800000000)
  region size 2048K, 44 young (90112K), 4 survivors (8192K)
 Metaspace       used 21304K, committed 21632K, reserved 1114112K
  class space    used 1862K, committed 1984K, reserved 1048576K
}
Event: 51.823 GC heap after
{Heap after GC invocations=12 (full 0):
 garbage-first heap   total 151552K, used 45331K [0x0000000700000000, 0x0000000800000000)
  region size 2048K, 5 young (10240K), 5 survivors (10240K)
 Metaspace       used 21304K, committed 21632K, reserved 1114112K
  class space    used 1862K, committed 1984K, reserved 1048576K
}
Event: 54.971 GC heap before
{Heap before GC invocations=12 (full 0):
 garbage-first heap   total 151552K, used 133395K [0x0000000700000000, 0x0000000800000000)
  region size 2048K, 44 young (90112K), 5 survivors (10240K)
 Metaspace       used 21309K, committed 21632K, reserved 1114112K
  class space    used 1862K, committed 1984K, reserved 1048576K
}
Event: 54.973 GC heap after
{Heap after GC invocations=13 (full 0):
 garbage-first heap   total 151552K, used 41761K [0x0000000700000000, 0x0000000800000000)
  region size 2048K, 1 young (2048K), 1 survivors (2048K)
 Metaspace       used 21309K, committed 21632K, reserved 1114112K
  class space    used 1862K, committed 1984K, reserved 1048576K
}
Event: 58.219 GC heap before
{Heap before GC invocations=13 (full 0):
 garbage-first heap   total 151552K, used 138017K [0x0000000700000000, 0x0000000800000000)
  region size 2048K, 44 young (90112K), 1 survivors (2048K)
 Metaspace       used 21315K, committed 21632K, reserved 1114112K
  class space    used 1862K, committed 1984K, reserved 1048576K
}
Event: 58.220 GC heap after
{Heap after GC invocations=14 (full 0):
 garbage-first heap   total 151552K, used 42061K [0x0000000700000000, 0x0000000800000000)
  region size 2048K, 1 young (2048K), 1 survivors (2048K)
 Metaspace       used 21315K, committed 21632K, reserved 1114112K
  class space    used 1862K, committed 1984K, reserved 1048576K
}
Event: 60.829 GC heap before
{Heap before GC invocations=14 (full 0):
 garbage-first heap   total 151552K, used 146509K [0x0000000700000000, 0x0000000800000000)
  region size 2048K, 40 young (81920K), 1 survivors (2048K)
 Metaspace       used 21371K, committed 21696K, reserved 1114112K
  class space    used 1862K, committed 1984K, reserved 1048576K
}
Event: 60.830 GC heap after
{Heap after GC invocations=15 (full 0):
 garbage-first heap   total 153600K, used 57930K [0x0000000700000000, 0x0000000800000000)
  region size 2048K, 1 young (2048K), 1 survivors (2048K)
 Metaspace       used 21371K, committed 21696K, reserved 1114112K
  class space    used 1862K, committed 1984K, reserved 1048576K
}
Event: 63.442 GC heap before
{Heap before GC invocations=15 (full 0):
 garbage-first heap   total 153600K, used 139850K [0x0000000700000000, 0x0000000800000000)
  region size 2048K, 38 young (77824K), 1 survivors (2048K)
 Metaspace       used 21381K, committed 21696K, reserved 1114112K
  class space    used 1862K, committed 1984K, reserved 1048576K
}
Event: 63.442 GC heap after
{Heap after GC invocations=16 (full 0):
 garbage-first heap   total 153600K, used 41573K [0x0000000700000000, 0x0000000800000000)
  region size 2048K, 1 young (2048K), 1 survivors (2048K)
 Metaspace       used 21381K, committed 21696K, reserved 1114112K
  class space    used 1862K, committed 1984K, reserved 1048576K
}
Event: 66.596 GC heap before
{Heap before GC invocations=16 (full 0):
 garbage-first heap   total 153600K, used 133733K [0x0000000700000000, 0x0000000800000000)
  region size 2048K, 45 young (92160K), 1 survivors (2048K)
 Metaspace       used 21384K, committed 21696K, reserved 1114112K
  class space    used 1862K, committed 1984K, reserved 1048576K
}
Event: 66.597 GC heap after
{Heap after GC invocations=17 (full 0):
 garbage-first heap   total 153600K, used 46248K [0x0000000700000000, 0x0000000800000000)
  region size 2048K, 1 young (2048K), 1 survivors (2048K)
 Metaspace       used 21384K, committed 21696K, reserved 1114112K
  class space    used 1862K, committed 1984K, reserved 1048576K
}

Dll operation events (20 events):
Event: 20.991 Loading shared library /Users/ethan/Library/Java/Extensions/libopencv_cudev.dylib failed, dlopen(/Users/ethan/Library/Java/Extensions/libopencv_cudev.dylib, 0x0001): tried: '/Users/ethan/Library/Java/Extensions/libopencv_cudev.dylib' (no such file), '/Sys
Event: 20.991 Loading shared library /Users/ethan/Library/Java/Extensions/libopencv_cudev.jnilib failed, dlopen(/Users/ethan/Library/Java/Extensions/libopencv_cudev.jnilib, 0x0001): tried: '/Users/ethan/Library/Java/Extensions/libopencv_cudev.jnilib' (no such file), '/
Event: 20.991 Loading shared library /Library/Java/Extensions/libopencv_cudev.dylib failed, dlopen(/Library/Java/Extensions/libopencv_cudev.dylib, 0x0001): tried: '/Library/Java/Extensions/libopencv_cudev.dylib' (no such file), '/System/Volumes/Preboot/Cryptexes/OS/Lib
Event: 20.991 Loading shared library /Library/Java/Extensions/libopencv_cudev.jnilib failed, dlopen(/Library/Java/Extensions/libopencv_cudev.jnilib, 0x0001): tried: '/Library/Java/Extensions/libopencv_cudev.jnilib' (no such file), '/System/Volumes/Preboot/Cryptexes/OS/
Event: 20.991 Loading shared library /Network/Library/Java/Extensions/libopencv_cudev.dylib failed, dlopen(/Network/Library/Java/Extensions/libopencv_cudev.dylib, 0x0001): tried: '/Network/Library/Java/Extensions/libopencv_cudev.dylib' (no such file), '/System/Volumes/
Event: 20.991 Loading shared library /Network/Library/Java/Extensions/libopencv_cudev.jnilib failed, dlopen(/Network/Library/Java/Extensions/libopencv_cudev.jnilib, 0x0001): tried: '/Network/Library/Java/Extensions/libopencv_cudev.jnilib' (no such file), '/System/Volum
Event: 20.991 Loading shared library /System/Library/Java/Extensions/libopencv_cudev.dylib failed, dlopen(/System/Library/Java/Extensions/libopencv_cudev.dylib, 0x0001): tried: '/System/Library/Java/Extensions/libopencv_cudev.dylib' (no such file), '/System/Volumes/Pre
Event: 20.991 Loading shared library /System/Library/Java/Extensions/libopencv_cudev.jnilib failed, dlopen(/System/Library/Java/Extensions/libopencv_cudev.jnilib, 0x0001): tried: '/System/Library/Java/Extensions/libopencv_cudev.jnilib' (no such file), '/System/Volumes/
Event: 20.991 Loading shared library /usr/lib/java/libopencv_cudev.dylib failed, dlopen(/usr/lib/java/libopencv_cudev.dylib, 0x0001): tried: '/usr/lib/java/libopencv_cudev.dylib' (no such file), '/System/Volumes/Preboot/Cryptexes/OS/usr/lib/java/libopencv_cudev.dylib' 
Event: 20.991 Loading shared library /usr/lib/java/libopencv_cudev.jnilib failed, dlopen(/usr/lib/java/libopencv_cudev.jnilib, 0x0001): tried: '/usr/lib/java/libopencv_cudev.jnilib' (no such file), '/System/Volumes/Preboot/Cryptexes/OS/usr/lib/java/libopencv_cudev.jnil
Event: 20.992 Loading shared library /Users/ethan/Documents/strathclyde/year-3/CS313/parley/stage-4/libopencv_cudev.dylib failed, dlopen(/Users/ethan/Documents/strathclyde/year-3/CS313/parley/stage-4/libopencv_cudev.dylib, 0x0001): tried: '/Users/ethan/Documents/strath
Event: 20.992 Loading shared library /Users/ethan/Documents/strathclyde/year-3/CS313/parley/stage-4/libopencv_cudev.jnilib failed, dlopen(/Users/ethan/Documents/strathclyde/year-3/CS313/parley/stage-4/libopencv_cudev.jnilib, 0x0001): tried: '/Users/ethan/Documents/stra
Event: 21.000 Loaded shared library /Users/ethan/.javacpp/cache/opencv-4.5.5-1.5.7-macosx-arm64.jar/org/bytedeco/opencv/macosx-arm64/libopencv_core.405.dylib
Event: 21.011 Loaded shared library /Users/ethan/.javacpp/cache/opencv-4.5.5-1.5.7-macosx-arm64.jar/org/bytedeco/opencv/macosx-arm64/libopencv_imgproc.405.dylib
Event: 21.018 Loaded shared library /Users/ethan/.javacpp/cache/opencv-4.5.5-1.5.7-macosx-arm64.jar/org/bytedeco/opencv/macosx-arm64/libjniopencv_core.dylib
Event: 21.214 Loaded shared library /Users/ethan/.javacpp/cache/opencv-4.5.5-1.5.7-macosx-arm64.jar/org/bytedeco/opencv/macosx-arm64/libjniopencv_imgproc.dylib
Event: 21.225 Loaded shared library /Users/ethan/.javacpp/cache/opencv-4.5.5-1.5.7-macosx-arm64.jar/org/bytedeco/opencv/macosx-arm64/libopencv_imgcodecs.405.dylib
Event: 21.229 Loaded shared library /Users/ethan/.javacpp/cache/opencv-4.5.5-1.5.7-macosx-arm64.jar/org/bytedeco/opencv/macosx-arm64/libjniopencv_imgcodecs.dylib
Event: 21.235 Loaded shared library /Users/ethan/.javacpp/cache/opencv-4.5.5-1.5.7-macosx-arm64.jar/org/bytedeco/opencv/macosx-arm64/libopencv_videoio.405.dylib
Event: 21.239 Loaded shared library /Users/ethan/.javacpp/cache/opencv-4.5.5-1.5.7-macosx-arm64.jar/org/bytedeco/opencv/macosx-arm64/libjniopencv_videoio.dylib

Deoptimization events (20 events):
Event: 67.881 Thread 0x00000001545c3000 DEOPT PACKING pc=0x000000010f3200ac sp=0x00000003df046620
Event: 67.881 Thread 0x00000001545c3000 DEOPT UNPACKING pc=0x000000011623ee7c sp=0x00000003df0462f0 mode 3
Event: 67.881 Thread 0x00000001545c3000 DEOPT PACKING pc=0x000000010f2e87a8 sp=0x00000003df046890
Event: 67.881 Thread 0x00000001545c3000 DEOPT UNPACKING pc=0x000000011623ee7c sp=0x00000003df046580 mode 3
Event: 67.881 Thread 0x00000001545c3000 Uncommon trap: trap_request=0xffffffc6 fr.pc=0x00000001168c452c relative=0x00000000000003ac
Event: 67.881 Thread 0x00000001545c3000 Uncommon trap: reason=bimorphic_or_optimized_type_check action=maybe_recompile pc=0x00000001168c452c method=java.nio.Buffer.<init>(IIIILjava/lang/foreign/MemorySegment;)V @ 39 c2
Event: 67.881 Thread 0x00000001545c3000 DEOPT PACKING pc=0x00000001168c452c sp=0x00000003df0462d0
Event: 67.881 Thread 0x00000001545c3000 DEOPT UNPACKING pc=0x000000011623f01c sp=0x00000003df046270 mode 2
Event: 67.887 Thread 0x000000038d026800 DEOPT PACKING pc=0x000000010f31bbb8 sp=0x00000003df5867d0
Event: 67.887 Thread 0x000000038d026800 DEOPT UNPACKING pc=0x000000011623ee7c sp=0x00000003df5864e0 mode 3
Event: 67.926 Thread 0x000000038d025e00 DEOPT PACKING pc=0x000000010f063d74 sp=0x00000003e031a690
Event: 67.926 Thread 0x000000038d025e00 DEOPT UNPACKING pc=0x000000011623ee7c sp=0x00000003e031a390 mode 3
Event: 67.926 Thread 0x000000038d025e00 Uncommon trap: trap_request=0xffffffc6 fr.pc=0x00000001168c452c relative=0x00000000000003ac
Event: 67.926 Thread 0x000000038d025e00 Uncommon trap: reason=bimorphic_or_optimized_type_check action=maybe_recompile pc=0x00000001168c452c method=java.nio.Buffer.<init>(IIIILjava/lang/foreign/MemorySegment;)V @ 39 c2
Event: 67.926 Thread 0x000000038d025e00 DEOPT PACKING pc=0x00000001168c452c sp=0x00000003e031a1e0
Event: 67.926 Thread 0x000000038d025e00 DEOPT UNPACKING pc=0x000000011623f01c sp=0x00000003e031a180 mode 2
Event: 67.926 Thread 0x000000015501dc00 Uncommon trap: trap_request=0xffffff45 fr.pc=0x00000001168ead9c relative=0x00000000000010dc
Event: 67.926 Thread 0x000000015501dc00 Uncommon trap: reason=unstable_if action=reinterpret pc=0x00000001168ead9c method=sun.nio.ch.Util$BufferCache.get(I)Ljava/nio/ByteBuffer; @ 47 c2
Event: 67.926 Thread 0x000000015501dc00 DEOPT PACKING pc=0x00000001168ead9c sp=0x0000000308715d90
Event: 67.926 Thread 0x000000015501dc00 DEOPT UNPACKING pc=0x000000011623f01c sp=0x0000000308715b20 mode 2

Classes loaded (20 events):
Event: 23.775 Loading class java/awt/Event
Event: 23.775 Loading class java/awt/Event done
Event: 37.621 Loading class sun/lwawt/macosx/CPlatformWindow$17
Event: 37.621 Loading class sun/lwawt/macosx/CPlatformWindow$17 done
Event: 37.784 Loading class java/lang/foreign/MemorySegment
Event: 37.784 Loading class java/lang/foreign/MemorySegment done
Event: 51.641 Loading class java/security/DomainCombiner
Event: 51.641 Loading class java/security/DomainCombiner done
Event: 67.878 Loading class java/net/SocketException
Event: 67.878 Loading class java/net/SocketException done
Event: 67.881 Loading class java/nio/channels/AsynchronousCloseException
Event: 67.881 Loading class java/nio/channels/ClosedChannelException
Event: 67.881 Loading class java/nio/channels/ClosedChannelException done
Event: 67.881 Loading class java/nio/channels/AsynchronousCloseException done
Event: 67.881 Loading class java/net/SocketTimeoutException
Event: 67.881 Loading class java/io/InterruptedIOException
Event: 67.881 Loading class java/io/InterruptedIOException done
Event: 67.881 Loading class java/net/SocketTimeoutException done
Event: 67.881 Loading class java/nio/channels/ClosedByInterruptException
Event: 67.881 Loading class java/nio/channels/ClosedByInterruptException done

Classes unloaded (0 events):
No events

Classes redefined (0 events):
No events

Internal exceptions (20 events):
Event: 0.985 Thread 0x0000000156012e00 Exception <a 'java/lang/NoSuchMethodError'{0x000000070ebe1888}: 'java.lang.Object java.lang.invoke.DirectMethodHandle$Holder.newInvokeSpecial(java.lang.Object, java.lang.Object, int)'> (0x000000070ebe1888) 
thrown [src/hotspot/share/interpreter/linkResolver.cpp, line 773]
Event: 1.000 Thread 0x0000000156012e00 Exception <a 'java/lang/NoSuchMethodError'{0x000000070fedbd00}: 'void java.lang.invoke.DirectMethodHandle$Holder.invokeStatic(java.lang.Object, java.lang.Object, java.lang.Object, java.lang.Object)'> (0x000000070fedbd00) 
thrown [src/hotspot/share/interpreter/linkResolver.cpp, line 773]
Event: 7.993 Thread 0x000000015501dc00 Exception <a 'java/lang/NoSuchMethodError'{0x000000070fd4ec38}: static LMessage/Message;.<clinit>()V> (0x000000070fd4ec38) 
thrown [src/hotspot/share/prims/jni.cpp, line 1111]
Event: 8.018 Thread 0x000000015501dc00 Exception <a 'java/lang/NoSuchMethodError'{0x000000070fd94b18}: 'long java.lang.invoke.DirectMethodHandle$Holder.invokeSpecial(java.lang.Object, java.lang.Object)'> (0x000000070fd94b18) 
thrown [src/hotspot/share/interpreter/linkResolver.cpp, line 773]
Event: 8.018 Thread 0x000000015501dc00 Exception <a 'java/lang/NoSuchMethodError'{0x000000070fd98200}: 'long java.lang.invoke.Invokers$Holder.invokeExact_MT(java.lang.Object, java.lang.Object)'> (0x000000070fd98200) 
thrown [src/hotspot/share/interpreter/linkResolver.cpp, line 773]
Event: 9.572 Thread 0x000000015501dc00 Exception <a 'java/lang/NoSuchMethodError'{0x000000070f9f5a28}: 'int java.lang.invoke.DirectMethodHandle$Holder.invokeStatic(java.lang.Object)'> (0x000000070f9f5a28) 
thrown [src/hotspot/share/interpreter/linkResolver.cpp, line 773]
Event: 9.588 Thread 0x000000015501dc00 Exception <a 'java/lang/NoSuchMethodError'{0x000000070f63ae48}: 'java.lang.Object java.lang.invoke.DirectMethodHandle$Holder.invokeSpecial(java.lang.Object, java.lang.Object, double, double)'> (0x000000070f63ae48) 
thrown [src/hotspot/share/interpreter/linkResolver.cpp, line 773]
Event: 9.590 Thread 0x000000015501dc00 Exception <a 'java/lang/NoSuchMethodError'{0x000000070f650608}: 'java.lang.Object java.lang.invoke.DirectMethodHandle$Holder.newInvokeSpecial(java.lang.Object, java.lang.Object, int, int)'> (0x000000070f650608) 
thrown [src/hotspot/share/interpreter/linkResolver.cpp, line 773]
Event: 9.590 Thread 0x000000015501dc00 Exception <a 'java/lang/NoSuchMethodError'{0x000000070f661328}: 'java.lang.Object java.lang.invoke.DirectMethodHandle$Holder.newInvokeSpecial(java.lang.Object, java.lang.Object, int, int, int, int)'> (0x000000070f661328) 
thrown [src/hotspot/share/interpreter/linkResolver.cpp, line 773]
Event: 20.814 Thread 0x000000013389f800 Exception <a 'java/lang/NoSuchMethodError'{0x000000070ee07bb8}: 'int java.lang.invoke.DirectMethodHandle$Holder.invokeStaticInit(java.lang.Object, java.lang.Object, java.lang.Object, java.lang.Object)'> (0x000000070ee07bb8) 
thrown [src/hotspot/share/interpreter/linkResolver.cpp, line 773]
Event: 20.814 Thread 0x000000013389f800 Exception <a 'java/lang/NoSuchMethodError'{0x000000070ee10108}: 'java.lang.Object java.lang.invoke.DirectMethodHandle$Holder.invokeInterface(java.lang.Object, java.lang.Object)'> (0x000000070ee10108) 
thrown [src/hotspot/share/interpreter/linkResolver.cpp, line 773]
Event: 20.815 Thread 0x000000013389f800 Exception <a 'java/lang/IncompatibleClassChangeError'{0x000000070ee13390}: Found class java.lang.Object, but interface was expected> (0x000000070ee13390) 
thrown [src/hotspot/share/interpreter/linkResolver.cpp, line 840]
Event: 20.815 Thread 0x000000013389f800 Exception <a 'java/lang/NoSuchMethodError'{0x000000070ee15e48}: 'void java.lang.invoke.DirectMethodHandle$Holder.invokeStaticInit(java.lang.Object, java.lang.Object)'> (0x000000070ee15e48) 
thrown [src/hotspot/share/interpreter/linkResolver.cpp, line 773]
Event: 20.815 Thread 0x000000013389f800 Exception <a 'java/lang/NoSuchMethodError'{0x000000070ee1b230}: 'int java.lang.invoke.DirectMethodHandle$Holder.invokeStaticInit(java.lang.Object, java.lang.Object)'> (0x000000070ee1b230) 
thrown [src/hotspot/share/interpreter/linkResolver.cpp, line 773]
Event: 21.161 Thread 0x0000000156140400 Exception <a 'java/lang/NoSuchMethodError'{0x000000070ce4e4a8}: 'void java.lang.invoke.DirectMethodHandle$Holder.invokeVirtual(java.lang.Object, java.lang.Object)'> (0x000000070ce4e4a8) 
thrown [src/hotspot/share/interpreter/linkResolver.cpp, line 773]
Event: 23.706 Thread 0x00000001545c3000 Exception <a 'java/lang/NoSuchMethodError'{0x000000070f5fc828}: 'int java.lang.invoke.DirectMethodHandle$Holder.invokeVirtual(java.lang.Object, java.lang.Object)'> (0x000000070f5fc828) 
thrown [src/hotspot/share/interpreter/linkResolver.cpp, line 773]
Event: 23.707 Thread 0x00000001545c3000 Exception <a 'java/lang/NoSuchMethodError'{0x000000070f322048}: 'java.lang.Object java.lang.invoke.Invokers$Holder.invokeExact_MT(java.lang.Object, java.lang.Object, java.lang.Object, java.lang.Object, java.lang.Object, java.lang.Object)'> (0x000000070f322048) 
thrown [src/hotspot/share/interpreter/linkResolver.cpp, line 773]
Event: 67.755 Thread 0x00000001550d8200 Exception <a 'java/lang/InterruptedException'{0x0000000707c61408}: sleep interrupted> (0x0000000707c61408) 
thrown [src/hotspot/share/prims/jvm.cpp, line 3074]
Event: 67.878 Thread 0x00000001545c3000 Exception <a 'java/net/SocketException'{0x00000007079cf7d8}> (0x00000007079cf7d8) 
thrown [src/hotspot/share/prims/jni.cpp, line 520]
Event: 67.927 Thread 0x00000001550afa00 Exception <a 'java/net/SocketException'{0x0000000707600040}> (0x0000000707600040) 
thrown [src/hotspot/share/prims/jni.cpp, line 520]

ZGC Phase Switch (0 events):
No events

VM Operations (20 events):
Event: 60.221 Executing VM operation: HandshakeAllThreads (HandshakeForDeflation)
Event: 60.221 Executing VM operation: HandshakeAllThreads (HandshakeForDeflation) done
Event: 60.221 Executing VM operation: RendezvousGCThreads
Event: 60.221 Executing VM operation: RendezvousGCThreads done
Event: 60.829 Executing VM operation: G1CollectForAllocation (G1 Evacuation Pause)
Event: 60.830 Executing VM operation: G1CollectForAllocation (G1 Evacuation Pause) done
Event: 61.835 Executing VM operation: Cleanup
Event: 61.835 Executing VM operation: Cleanup done
Event: 62.838 Executing VM operation: Cleanup
Event: 62.838 Executing VM operation: Cleanup done
Event: 63.442 Executing VM operation: G1TryInitiateConcMark (G1 Humongous Allocation)
Event: 63.443 Executing VM operation: G1TryInitiateConcMark (G1 Humongous Allocation) done
Event: 64.448 Executing VM operation: Cleanup
Event: 64.448 Executing VM operation: Cleanup done
Event: 66.455 Executing VM operation: Cleanup
Event: 66.455 Executing VM operation: Cleanup done
Event: 66.596 Executing VM operation: G1CollectForAllocation (G1 Evacuation Pause)
Event: 66.597 Executing VM operation: G1CollectForAllocation (G1 Evacuation Pause) done
Event: 68.605 Executing VM operation: Cleanup
Event: 68.605 Executing VM operation: Cleanup done

Memory protections (20 events):
Event: 1.000 Protecting memory [0x000000016d2b0000,0x000000016d2bc000] with protection modes 0
Event: 1.074 Protecting memory [0x000000038ccc4000,0x000000038ccd0000] with protection modes 0
Event: 5.454 Protecting memory [0x0000000308308000,0x0000000308314000] with protection modes 3
Event: 20.731 Protecting memory [0x00000003b0120000,0x00000003b012c000] with protection modes 0
Event: 20.836 Protecting memory [0x00000003b1498000,0x00000003b14a4000] with protection modes 0
Event: 21.161 Protecting memory [0x00000003dee44000,0x00000003dee50000] with protection modes 0
Event: 21.161 Protecting memory [0x00000003df384000,0x00000003df390000] with protection modes 0
Event: 21.162 Protecting memory [0x00000003df9f0000,0x00000003df9fc000] with protection modes 0
Event: 21.162 Protecting memory [0x00000003e0118000,0x00000003e0124000] with protection modes 0
Event: 21.162 Protecting memory [0x00000003dee44000,0x00000003dee50000] with protection modes 3
Event: 21.188 Protecting memory [0x00000003dee44000,0x00000003dee50000] with protection modes 0
Event: 22.936 Protecting memory [0x00000003ee798000,0x00000003ee7a4000] with protection modes 0
Event: 22.936 Protecting memory [0x00000003ee9a4000,0x00000003ee9b0000] with protection modes 0
Event: 22.936 Protecting memory [0x00000003eebb0000,0x00000003eebbc000] with protection modes 0
Event: 67.767 Protecting memory [0x00000003eebb0000,0x00000003eebbc000] with protection modes 3
Event: 67.880 Protecting memory [0x00000003df9f0000,0x00000003df9fc000] with protection modes 3
Event: 67.881 Protecting memory [0x00000003dee44000,0x00000003dee50000] with protection modes 3
Event: 67.887 Protecting memory [0x00000003df384000,0x00000003df390000] with protection modes 3
Event: 67.926 Protecting memory [0x00000003e0118000,0x00000003e0124000] with protection modes 3
Event: 67.927 Protecting memory [0x00000003ee9a4000,0x00000003ee9b0000] with protection modes 3

Nmethod flushes (0 events):
No events

Events (20 events):
Event: 1.000 Thread 0x000000012a065000 Thread added: 0x000000012a065000
Event: 1.074 Thread 0x000000015501dc00 Thread added: 0x000000015407b400
Event: 5.454 Thread 0x00000001562fc000 Thread exited: 0x00000001562fc000
Event: 20.731 Thread 0x000000013389f800 Thread added: 0x00000001565cd800
Event: 20.836 Thread 0x000000013389f800 Thread added: 0x0000000156141600
Event: 21.161 Thread 0x000000013389f800 Thread added: 0x0000000156140400
Event: 21.161 Thread 0x0000000156140400 Thread added: 0x000000038d026800
Event: 21.162 Thread 0x0000000156140400 Thread added: 0x000000038d027000
Event: 21.162 Thread 0x0000000156140400 Thread added: 0x000000038d025e00
Event: 21.162 Thread 0x0000000156140400 Thread exited: 0x0000000156140400
Event: 21.188 Thread 0x000000013389f800 Thread added: 0x00000001545c3000
Event: 22.936 Thread 0x000000013389f800 Thread added: 0x000000015502f600
Event: 22.936 Thread 0x000000015502f600 Thread added: 0x00000001550afa00
Event: 22.936 Thread 0x000000015502f600 Thread added: 0x00000001550d8200
Event: 67.767 Thread 0x00000001550d8200 Thread exited: 0x00000001550d8200
Event: 67.880 Thread 0x000000038d027000 Thread exited: 0x000000038d027000
Event: 67.881 Thread 0x00000001545c3000 Thread exited: 0x00000001545c3000
Event: 67.887 Thread 0x000000038d026800 Thread exited: 0x000000038d026800
Event: 67.926 Thread 0x000000038d025e00 Thread exited: 0x000000038d025e00
Event: 67.927 Thread 0x00000001550afa00 Thread exited: 0x00000001550afa00


Dynamic libraries:
0x0000000102c1c000 	/Users/ethan/Library/Java/JavaVirtualMachines/liberica-full-21.0.6/lib/libjli.dylib
0x00000001b9871000 	/System/Library/Frameworks/Cocoa.framework/Versions/A/Cocoa
0x00000001a17a7000 	/System/Library/Frameworks/AppKit.framework/Versions/C/AppKit
0x00000001a4a5f000 	/System/Library/Frameworks/CoreData.framework/Versions/A/CoreData
0x000000019ede1000 	/System/Library/Frameworks/Foundation.framework/Versions/C/Foundation
0x00000001ab765000 	/usr/lib/libSystem.B.dylib
0x00000001a2be4000 	/System/Library/PrivateFrameworks/UIFoundation.framework/Versions/A/UIFoundation
0x00000002468df000 	/System/Library/PrivateFrameworks/CollectionViewCore.framework/Versions/A/CollectionViewCore
0x00000001b29f1000 	/System/Library/PrivateFrameworks/RemoteViewServices.framework/Versions/A/RemoteViewServices
0x00000001a93eb000 	/System/Library/PrivateFrameworks/XCTTargetBootstrap.framework/Versions/A/XCTTargetBootstrap
0x00000001ade4b000 	/System/Library/PrivateFrameworks/InternationalSupport.framework/Versions/A/InternationalSupport
0x00000001adeaa000 	/System/Library/PrivateFrameworks/UserActivity.framework/Versions/A/UserActivity
0x0000000272163000 	/System/Library/PrivateFrameworks/UIIntelligenceSupport.framework/Versions/A/UIIntelligenceSupport
0x000000023cca8000 	/System/Library/Frameworks/SwiftUICore.framework/Versions/A/SwiftUICore
0x0000000277114000 	/System/Library/PrivateFrameworks/WritingTools.framework/Versions/A/WritingTools
0x0000000276167000 	/System/Library/PrivateFrameworks/WindowManagement.framework/Versions/A/WindowManagement
0x000000019ea3b000 	/System/Library/Frameworks/SystemConfiguration.framework/Versions/A/SystemConfiguration
0x00000001ad294000 	/usr/lib/libspindump.dylib
0x00000001a2d96000 	/System/Library/Frameworks/UniformTypeIdentifiers.framework/Versions/A/UniformTypeIdentifiers
0x00000001aab63000 	/usr/lib/libbsm.0.dylib
0x00000001a6ead000 	/usr/lib/libapp_launch_measurement.dylib
0x00000001a62a9000 	/System/Library/PrivateFrameworks/CoreAnalytics.framework/Versions/A/CoreAnalytics
0x00000001a6eb1000 	/System/Library/PrivateFrameworks/CoreAutoLayout.framework/Versions/A/CoreAutoLayout
0x00000001a8a34000 	/System/Library/Frameworks/Metal.framework/Versions/A/Metal
0x00000001a9c32000 	/usr/lib/liblangid.dylib
0x00000001a93f1000 	/System/Library/PrivateFrameworks/CoreSVG.framework/Versions/A/CoreSVG
0x00000001a37b7000 	/System/Library/PrivateFrameworks/SkyLight.framework/Versions/A/SkyLight
0x00000001a3ce4000 	/System/Library/Frameworks/CoreGraphics.framework/Versions/A/CoreGraphics
0x00000001b30ca000 	/System/Library/Frameworks/Accelerate.framework/Versions/A/Accelerate
0x00000001ad0c6000 	/System/Library/PrivateFrameworks/IconServices.framework/Versions/A/IconServices
0x00000001a8a11000 	/System/Library/Frameworks/IOSurface.framework/Versions/A/IOSurface
0x00000001a62db000 	/usr/lib/libDiagnosticMessagesClient.dylib
0x00000001ab6a9000 	/usr/lib/libz.1.dylib
0x00000001b6f56000 	/System/Library/Frameworks/ApplicationServices.framework/Versions/A/ApplicationServices
0x00000001a93d6000 	/System/Library/PrivateFrameworks/DFRFoundation.framework/Versions/A/DFRFoundation
0x00000001a1011000 	/usr/lib/libicucore.A.dylib
0x00000001aefc4000 	/System/Library/Frameworks/AudioToolbox.framework/Versions/A/AudioToolbox
0x00000001ade5b000 	/System/Library/PrivateFrameworks/DataDetectorsCore.framework/Versions/A/DataDetectorsCore
0x00000001c94f1000 	/System/Library/PrivateFrameworks/TextInput.framework/Versions/A/TextInput
0x00000001a3703000 	/usr/lib/libMobileGestalt.dylib
0x00000001a90ce000 	/System/Library/Frameworks/Carbon.framework/Versions/A/Frameworks/HIToolbox.framework/Versions/A/HIToolbox
0x00000001a67ac000 	/System/Library/Frameworks/QuartzCore.framework/Versions/A/QuartzCore
0x00000001a0c1a000 	/System/Library/Frameworks/Security.framework/Versions/A/Security
0x00000001b2a2c000 	/System/Library/Frameworks/Carbon.framework/Versions/A/Frameworks/SpeechRecognition.framework/Versions/A/SpeechRecognition
0x00000001a6bc6000 	/System/Library/PrivateFrameworks/CoreUI.framework/Versions/A/CoreUI
0x00000001a04ce000 	/System/Library/Frameworks/CoreAudio.framework/Versions/A/CoreAudio
0x00000001a63c7000 	/System/Library/Frameworks/DiskArbitration.framework/Versions/A/DiskArbitration
0x00000001ad707000 	/System/Library/PrivateFrameworks/MultitouchSupport.framework/Versions/A/MultitouchSupport
0x00000001a3701000 	/usr/lib/libenergytrace.dylib
0x00000001bded9000 	/System/Library/PrivateFrameworks/RenderBox.framework/Versions/A/RenderBox
0x00000001a1657000 	/System/Library/Frameworks/IOKit.framework/Versions/A/IOKit
0x00000001b2e20000 	/System/Library/Frameworks/CoreServices.framework/Versions/A/CoreServices
0x00000001a6e3e000 	/System/Library/PrivateFrameworks/PerformanceAnalysis.framework/Versions/A/PerformanceAnalysis
0x00000001faa61000 	/System/Library/Frameworks/OpenGL.framework/Versions/A/OpenGL
0x00000001a6efb000 	/usr/lib/libxml2.2.dylib
0x00000001aaa48000 	/System/Library/PrivateFrameworks/MobileKeyBag.framework/Versions/A/MobileKeyBag
0x000000019d7ac000 	/usr/lib/libobjc.A.dylib
0x000000019da99000 	/usr/lib/libc++.1.dylib
0x00000001b2da0000 	/System/Library/Frameworks/Accessibility.framework/Versions/A/Accessibility
0x00000001a4403000 	/System/Library/Frameworks/ColorSync.framework/Versions/A/ColorSync
0x000000019dbef000 	/System/Library/Frameworks/CoreFoundation.framework/Versions/A/CoreFoundation
0x00000001a97af000 	/System/Library/Frameworks/CoreImage.framework/Versions/A/CoreImage
0x00000001a02be000 	/System/Library/Frameworks/CoreText.framework/Versions/A/CoreText
0x00000001fbfc8000 	/System/Library/Frameworks/CoreTransferable.framework/Versions/A/CoreTransferable
0x00000001fc567000 	/System/Library/Frameworks/DeveloperToolsSupport.framework/Versions/A/DeveloperToolsSupport
0x00000001a942d000 	/System/Library/Frameworks/ImageIO.framework/Versions/A/ImageIO
0x000000023d8c2000 	/System/Library/Frameworks/Symbols.framework/Versions/A/Symbols
0x00000001ab76a000 	/System/Library/PrivateFrameworks/SoftLinking.framework/Versions/A/SoftLinking
0x00000001db366000 	/usr/lib/swift/libswiftAccelerate.dylib
0x00000001ae925000 	/usr/lib/swift/libswiftCore.dylib
0x00000001c5c72000 	/usr/lib/swift/libswiftCoreFoundation.dylib
0x00000001c5ccf000 	/usr/lib/swift/libswiftCoreImage.dylib
0x00000001c341e000 	/usr/lib/swift/libswiftDarwin.dylib
0x00000001b48da000 	/usr/lib/swift/libswiftDispatch.dylib
0x00000001c5cd0000 	/usr/lib/swift/libswiftIOKit.dylib
0x00000001d24fd000 	/usr/lib/swift/libswiftMetal.dylib
0x00000001e07fb000 	/usr/lib/swift/libswiftOSLog.dylib
0x00000001b74c1000 	/usr/lib/swift/libswiftObjectiveC.dylib
0x000000027e2fc000 	/usr/lib/swift/libswiftObservation.dylib
0x00000001d6e28000 	/usr/lib/swift/libswiftQuartzCore.dylib
0x00000001db357000 	/usr/lib/swift/libswiftUniformTypeIdentifiers.dylib
0x00000001c5c84000 	/usr/lib/swift/libswiftXPC.dylib
0x000000027e3f2000 	/usr/lib/swift/libswift_Builtin_float.dylib
0x000000027e3f7000 	/usr/lib/swift/libswift_Concurrency.dylib
0x000000027e55f000 	/usr/lib/swift/libswift_StringProcessing.dylib
0x000000027e612000 	/usr/lib/swift/libswift_errno.dylib
0x000000027e614000 	/usr/lib/swift/libswift_math.dylib
0x000000027e617000 	/usr/lib/swift/libswift_signal.dylib
0x000000027e618000 	/usr/lib/swift/libswift_stdio.dylib
0x000000027e619000 	/usr/lib/swift/libswift_time.dylib
0x00000001b74c5000 	/usr/lib/swift/libswiftos.dylib
0x00000001c9448000 	/usr/lib/swift/libswiftsimd.dylib
0x000000027e61a000 	/usr/lib/swift/libswiftsys_time.dylib
0x000000027e61b000 	/usr/lib/swift/libswiftunistd.dylib
0x00000001ab916000 	/usr/lib/libcompression.dylib
0x00000001adda3000 	/System/Library/PrivateFrameworks/TextureIO.framework/Versions/A/TextureIO
0x00000001acd57000 	/usr/lib/libate.dylib
0x00000001ab75f000 	/usr/lib/system/libcache.dylib
0x00000001ab718000 	/usr/lib/system/libcommonCrypto.dylib
0x00000001ab745000 	/usr/lib/system/libcompiler_rt.dylib
0x00000001ab73a000 	/usr/lib/system/libcopyfile.dylib
0x000000019d8eb000 	/usr/lib/system/libcorecrypto.dylib
0x000000019d9cd000 	/usr/lib/system/libdispatch.dylib
0x000000019db8a000 	/usr/lib/system/libdyld.dylib
0x00000001ab755000 	/usr/lib/system/libkeymgr.dylib
0x00000001ab6f7000 	/usr/lib/system/libmacho.dylib
0x00000001aab3c000 	/usr/lib/system/libquarantine.dylib
0x00000001ab752000 	/usr/lib/system/libremovefile.dylib
0x00000001a377c000 	/usr/lib/system/libsystem_asl.dylib
0x000000019d880000 	/usr/lib/system/libsystem_blocks.dylib
0x000000019da17000 	/usr/lib/system/libsystem_c.dylib
0x00000001ab749000 	/usr/lib/system/libsystem_collections.dylib
0x00000001a9c1f000 	/usr/lib/system/libsystem_configuration.dylib
0x00000001a89e2000 	/usr/lib/system/libsystem_containermanager.dylib
0x00000001ab24b000 	/usr/lib/system/libsystem_coreservices.dylib
0x00000001a12d5000 	/usr/lib/system/libsystem_darwin.dylib
0x000000027e75e000 	/usr/lib/system/libsystem_darwindirectory.dylib
0x00000001ab756000 	/usr/lib/system/libsystem_dnssd.dylib
0x000000027e762000 	/usr/lib/system/libsystem_eligibility.dylib
0x000000019da14000 	/usr/lib/system/libsystem_featureflags.dylib
0x000000019dbbf000 	/usr/lib/system/libsystem_info.dylib
0x00000001ab6b8000 	/usr/lib/system/libsystem_m.dylib
0x000000019d98b000 	/usr/lib/system/libsystem_malloc.dylib
0x00000001a36e6000 	/usr/lib/system/libsystem_networkextension.dylib
0x00000001a1738000 	/usr/lib/system/libsystem_notify.dylib
0x00000001a9c24000 	/usr/lib/system/libsystem_sandbox.dylib
0x000000027e769000 	/usr/lib/system/libsystem_sanitizers.dylib
0x00000001ab74e000 	/usr/lib/system/libsystem_secinit.dylib
0x000000019db42000 	/usr/lib/system/libsystem_kernel.dylib
0x000000019dbb7000 	/usr/lib/system/libsystem_platform.dylib
0x000000019db7d000 	/usr/lib/system/libsystem_pthread.dylib
0x00000001a5285000 	/usr/lib/system/libsystem_symptoms.dylib
0x000000019d8cf000 	/usr/lib/system/libsystem_trace.dylib
0x00000001ab726000 	/usr/lib/system/libunwind.dylib
0x000000019d884000 	/usr/lib/system/libxpc.dylib
0x000000019db27000 	/usr/lib/libc++abi.dylib
0x00000001ab732000 	/usr/lib/liboah.dylib
0x00000001a15d6000 	/System/Library/PrivateFrameworks/CoreServicesInternal.framework/Versions/A/CoreServicesInternal
0x00000001ab767000 	/usr/lib/libfakelink.dylib
0x00000001b6a07000 	/System/Library/PrivateFrameworks/DiskImages.framework/Versions/A/DiskImages
0x00000001c2f4b000 	/System/Library/Frameworks/NetFS.framework/Versions/A/NetFS
0x00000001a331d000 	/System/Library/Frameworks/CFNetwork.framework/Versions/A/CFNetwork
0x00000001a6e75000 	/System/Library/Frameworks/CoreServices.framework/Versions/A/Frameworks/FSEvents.framework/Versions/A/FSEvents
0x00000001a12e0000 	/System/Library/Frameworks/CoreServices.framework/Versions/A/Frameworks/CarbonCore.framework/Versions/A/CarbonCore
0x00000001a633d000 	/System/Library/Frameworks/CoreServices.framework/Versions/A/Frameworks/Metadata.framework/Versions/A/Metadata
0x00000001ab252000 	/System/Library/Frameworks/CoreServices.framework/Versions/A/Frameworks/OSServices.framework/Versions/A/OSServices
0x00000001ab845000 	/System/Library/Frameworks/CoreServices.framework/Versions/A/Frameworks/SearchKit.framework/Versions/A/SearchKit
0x00000001a51ff000 	/System/Library/Frameworks/CoreServices.framework/Versions/A/Frameworks/AE.framework/Versions/A/AE
0x000000019e0e4000 	/System/Library/Frameworks/CoreServices.framework/Versions/A/Frameworks/LaunchServices.framework/Versions/A/LaunchServices
0x00000001acba9000 	/System/Library/Frameworks/CoreServices.framework/Versions/A/Frameworks/DictionaryServices.framework/Versions/A/DictionaryServices
0x00000001a6e83000 	/System/Library/Frameworks/CoreServices.framework/Versions/A/Frameworks/SharedFileList.framework/Versions/A/SharedFileList
0x00000001ab8e0000 	/usr/lib/libapple_nghttp2.dylib
0x00000001a4e67000 	/usr/lib/libsqlite3.dylib
0x00000001af630000 	/System/Library/Frameworks/GSS.framework/Versions/A/GSS
0x00000001a5198000 	/System/Library/PrivateFrameworks/RunningBoardServices.framework/Versions/A/RunningBoardServices
0x00000001a528e000 	/System/Library/Frameworks/Network.framework/Versions/A/Network
0x00000001ab6fb000 	/usr/lib/system/libkxld.dylib
0x000000027d730000 	/usr/lib/libCoreEntitlements.dylib
0x000000025bf24000 	/System/Library/PrivateFrameworks/MessageSecurity.framework/Versions/A/MessageSecurity
0x00000001a4e4d000 	/System/Library/PrivateFrameworks/ProtocolBuffer.framework/Versions/A/ProtocolBuffer
0x00000001ab233000 	/System/Library/PrivateFrameworks/AppleFSCompression.framework/Versions/A/AppleFSCompression
0x00000001aab4b000 	/usr/lib/libcoretls.dylib
0x00000001acc20000 	/usr/lib/libcoretls_cfhelpers.dylib
0x00000001ab910000 	/usr/lib/libpam.2.dylib
0x00000001acc93000 	/usr/lib/libxar.1.dylib
0x00000001ab7bc000 	/usr/lib/libarchive.2.dylib
0x00000001b0d21000 	/System/Library/Frameworks/Combine.framework/Versions/A/Combine
0x0000000246903000 	/System/Library/PrivateFrameworks/CollectionsInternal.framework/Versions/A/CollectionsInternal
0x0000000263e27000 	/System/Library/PrivateFrameworks/ReflectionInternal.framework/Versions/A/ReflectionInternal
0x0000000264abf000 	/System/Library/PrivateFrameworks/RuntimeInternal.framework/Versions/A/RuntimeInternal
0x000000027e379000 	/usr/lib/swift/libswiftSystem.dylib
0x00000001a9c2d000 	/System/Library/PrivateFrameworks/AppleSystemInfo.framework/Versions/A/AppleSystemInfo
0x00000001c5b65000 	/System/Library/PrivateFrameworks/LoggingSupport.framework/Versions/A/LoggingSupport
0x00000001a7085000 	/System/Library/PrivateFrameworks/UserManagement.framework/Versions/A/UserManagement
0x00000001a3252000 	/usr/lib/libboringssl.dylib
0x00000001a5274000 	/usr/lib/libdns_services.dylib
0x00000001c4d54000 	/usr/lib/libquic.dylib
0x00000001ae8b5000 	/usr/lib/libusrtcp.dylib
0x00000001e7e84000 	/System/Library/PrivateFrameworks/InternalSwiftProtobuf.framework/Versions/A/InternalSwiftProtobuf
0x000000027e2c4000 	/usr/lib/swift/libswiftDistributed.dylib
0x00000001a331c000 	/usr/lib/libnetwork.dylib
0x00000001ab8ba000 	/System/Library/PrivateFrameworks/AppleSauce.framework/Versions/A/AppleSauce
0x000000019e8d8000 	/System/Library/PrivateFrameworks/Lexicon.framework/Versions/A/Lexicon
0x0000000255d45000 	/System/Library/PrivateFrameworks/IO80211.framework/Versions/A/IO80211
0x00000001b4b79000 	/System/Library/PrivateFrameworks/FrontBoardServices.framework/Versions/A/FrontBoardServices
0x00000001aaa73000 	/System/Library/Frameworks/SecurityFoundation.framework/Versions/A/SecurityFoundation
0x00000001a9d54000 	/System/Library/PrivateFrameworks/LinguisticData.framework/Versions/A/LinguisticData
0x00000001aa847000 	/System/Library/PrivateFrameworks/IOMobileFramebuffer.framework/Versions/A/IOMobileFramebuffer
0x00000001a50b3000 	/System/Library/PrivateFrameworks/BaseBoard.framework/Versions/A/BaseBoard
0x00000001b4c45000 	/System/Library/PrivateFrameworks/BoardServices.framework/Versions/A/BoardServices
0x00000001aaa65000 	/System/Library/PrivateFrameworks/AssertionServices.framework/Versions/A/AssertionServices
0x00000001b6843000 	/System/Library/PrivateFrameworks/BackBoardServices.framework/Versions/A/BackBoardServices
0x00000001a8e41000 	/System/Library/PrivateFrameworks/FontServices.framework/libFontParser.dylib
0x00000001a3795000 	/System/Library/PrivateFrameworks/TCC.framework/Versions/A/TCC
0x00000001ba2e8000 	/System/Library/PrivateFrameworks/IOSurfaceAccelerator.framework/Versions/A/IOSurfaceAccelerator
0x00000001ad705000 	/System/Library/PrivateFrameworks/WatchdogClient.framework/Versions/A/WatchdogClient
0x000000019fdeb000 	/System/Library/Frameworks/CoreDisplay.framework/Versions/A/CoreDisplay
0x00000001a8cd6000 	/System/Library/Frameworks/CoreMedia.framework/Versions/A/CoreMedia
0x00000001a8a2a000 	/System/Library/PrivateFrameworks/IOAccelerator.framework/Versions/A/IOAccelerator
0x00000001a6fe5000 	/System/Library/Frameworks/CoreVideo.framework/Versions/A/CoreVideo
0x00000001ab90e000 	/System/Library/Frameworks/MetalPerformanceShaders.framework/Versions/A/MetalPerformanceShaders
0x000000026334f000 	/System/Library/PrivateFrameworks/ProDisplayLibrary.framework/Versions/A/ProDisplayLibrary
0x00000001ad74c000 	/System/Library/Frameworks/VideoToolbox.framework/Versions/A/VideoToolbox
0x00000001a9c2b000 	/System/Library/PrivateFrameworks/AggregateDictionary.framework/Versions/A/AggregateDictionary
0x00000001acc22000 	/System/Library/PrivateFrameworks/APFS.framework/Versions/A/APFS
0x000000024308c000 	/System/Library/PrivateFrameworks/AppleKeyStore.framework/Versions/A/AppleKeyStore
0x00000001acca2000 	/usr/lib/libutil.dylib
0x00000001acc01000 	/usr/lib/liblzma.5.dylib
0x00000001a63d0000 	/System/Library/Frameworks/Accelerate.framework/Versions/A/Frameworks/vImage.framework/Versions/A/vImage
0x00000001b2dfb000 	/System/Library/Frameworks/Accelerate.framework/Versions/A/Frameworks/vecLib.framework/Versions/A/vecLib
0x00000001accda000 	/System/Library/Frameworks/Accelerate.framework/Versions/A/Frameworks/vecLib.framework/Versions/A/libvMisc.dylib
0x000000019e548000 	/System/Library/Frameworks/Accelerate.framework/Versions/A/Frameworks/vecLib.framework/Versions/A/libBLAS.dylib
0x00000001af20c000 	/System/Library/Frameworks/ApplicationServices.framework/Versions/A/Frameworks/ATS.framework/Versions/A/ATS
0x00000001a45bb000 	/System/Library/Frameworks/ApplicationServices.framework/Versions/A/Frameworks/HIServices.framework/Versions/A/HIServices
0x00000001add2b000 	/System/Library/Frameworks/ApplicationServices.framework/Versions/A/Frameworks/PrintCore.framework/Versions/A/PrintCore
0x00000001af5f8000 	/System/Library/Frameworks/ApplicationServices.framework/Versions/A/Frameworks/QD.framework/Versions/A/QD
0x00000001af5ef000 	/System/Library/Frameworks/ApplicationServices.framework/Versions/A/Frameworks/ColorSyncLegacy.framework/Versions/A/ColorSyncLegacy
0x00000001af1de000 	/System/Library/Frameworks/ApplicationServices.framework/Versions/A/Frameworks/SpeechSynthesis.framework/Versions/A/SpeechSynthesis
0x00000001aa814000 	/System/Library/PrivateFrameworks/CoreEmoji.framework/Versions/A/CoreEmoji
0x000000024d3a2000 	/System/Library/PrivateFrameworks/FontServices.framework/Versions/A/FontServices
0x00000001ad23e000 	/System/Library/PrivateFrameworks/OTSVG.framework/Versions/A/OTSVG
0x00000001a6b74000 	/System/Library/Frameworks/ApplicationServices.framework/Versions/A/Frameworks/ATS.framework/Versions/A/Resources/libFontRegistry.dylib
0x00000001ad288000 	/System/Library/PrivateFrameworks/FontServices.framework/libhvf.dylib
0x000000025f3b2000 	/System/Library/PrivateFrameworks/ParsingInternal.framework/Versions/A/ParsingInternal
0x000000027e31b000 	/usr/lib/swift/libswiftRegexBuilder.dylib
0x000000027e4b8000 	/usr/lib/swift/libswift_RegexParser.dylib
0x00000001ad5cc000 	/System/Library/PrivateFrameworks/AppleJPEG.framework/Versions/A/AppleJPEG
0x00000001ad053000 	/usr/lib/libexpat.1.dylib
0x00000001adc00000 	/System/Library/Frameworks/ImageIO.framework/Versions/A/Resources/libPng.dylib
0x00000001adc2b000 	/System/Library/Frameworks/ImageIO.framework/Versions/A/Resources/libTIFF.dylib
0x00000001add16000 	/System/Library/Frameworks/ImageIO.framework/Versions/A/Resources/libGIF.dylib
0x00000001ad612000 	/System/Library/Frameworks/ImageIO.framework/Versions/A/Resources/libJP2.dylib
0x00000001adcbc000 	/System/Library/Frameworks/ImageIO.framework/Versions/A/Resources/libJPEG.dylib
0x00000001adcb3000 	/System/Library/Frameworks/ImageIO.framework/Versions/A/Resources/libRadiance.dylib
0x000000025216a000 	/System/Library/PrivateFrameworks/GPUCompiler.framework/Versions/32023/Libraries/libllvm-flatbuffers.dylib
0x000000024d468000 	/System/Library/PrivateFrameworks/FramePacing.framework/Versions/A/FramePacing
0x00000001faa53000 	/System/Library/Frameworks/OpenGL.framework/Versions/A/Libraries/libCoreFSCache.dylib
0x000000024e013000 	/System/Library/PrivateFrameworks/GPUCompiler.framework/Versions/32023/Libraries/libGPUCompilerUtils.dylib
0x000000024d3a3000 	/System/Library/PrivateFrameworks/FontServices.framework/libXTFontStaticRegistryData.dylib
0x00000001b85fe000 	/System/Library/PrivateFrameworks/ASEProcessing.framework/Versions/A/ASEProcessing
0x00000001e3f91000 	/System/Library/PrivateFrameworks/Symbolication.framework/Versions/A/Symbolication
0x0000000262565000 	/System/Library/PrivateFrameworks/PhotosensitivityProcessing.framework/Versions/A/PhotosensitivityProcessing
0x00000001ad232000 	/System/Library/PrivateFrameworks/GraphVisualizer.framework/Versions/A/GraphVisualizer
0x00000001faab3000 	/System/Library/Frameworks/OpenGL.framework/Versions/A/Libraries/libGLU.dylib
0x00000001faa75000 	/System/Library/Frameworks/OpenGL.framework/Versions/A/Libraries/libGFXShared.dylib
0x00000001fac46000 	/System/Library/Frameworks/OpenGL.framework/Versions/A/Libraries/libGL.dylib
0x00000001faa7e000 	/System/Library/Frameworks/OpenGL.framework/Versions/A/Libraries/libGLImage.dylib
0x00000001faa72000 	/System/Library/Frameworks/OpenGL.framework/Versions/A/Libraries/libCVMSPluginSupport.dylib
0x000000027d8d4000 	/usr/lib/libRosetta.dylib
0x00000001faa5b000 	/System/Library/Frameworks/OpenGL.framework/Versions/A/Libraries/libCoreVMClient.dylib
0x00000001a9b6d000 	/System/Library/Frameworks/MetalPerformanceShaders.framework/Versions/A/Frameworks/MPSCore.framework/Versions/A/MPSCore
0x00000001ab19f000 	/System/Library/Frameworks/MetalPerformanceShaders.framework/Versions/A/Frameworks/MPSImage.framework/Versions/A/MPSImage
0x00000001aabee000 	/System/Library/Frameworks/MetalPerformanceShaders.framework/Versions/A/Frameworks/MPSNeuralNetwork.framework/Versions/A/MPSNeuralNetwork
0x00000001ab024000 	/System/Library/Frameworks/MetalPerformanceShaders.framework/Versions/A/Frameworks/MPSMatrix.framework/Versions/A/MPSMatrix
0x00000001aae3c000 	/System/Library/Frameworks/MetalPerformanceShaders.framework/Versions/A/Frameworks/MPSRayIntersector.framework/Versions/A/MPSRayIntersector
0x00000001ab056000 	/System/Library/Frameworks/MetalPerformanceShaders.framework/Versions/A/Frameworks/MPSNDArray.framework/Versions/A/MPSNDArray
0x00000001fe82b000 	/System/Library/Frameworks/MetalPerformanceShaders.framework/Versions/A/Frameworks/MPSFunctions.framework/Versions/A/MPSFunctions
0x00000001fe80f000 	/System/Library/Frameworks/MetalPerformanceShaders.framework/Versions/A/Frameworks/MPSBenchmarkLoop.framework/Versions/A/MPSBenchmarkLoop
0x000000019e3cc000 	/System/Library/PrivateFrameworks/MetalTools.framework/Versions/A/MetalTools
0x00000001ca7b2000 	/System/Library/PrivateFrameworks/IOAccelMemoryInfo.framework/Versions/A/IOAccelMemoryInfo
0x00000001d7224000 	/System/Library/PrivateFrameworks/kperf.framework/Versions/A/kperf
0x00000001c5c49000 	/System/Library/PrivateFrameworks/GPURawCounter.framework/Versions/A/GPURawCounter
0x00000001b508c000 	/System/Library/PrivateFrameworks/CoreSymbolication.framework/Versions/A/CoreSymbolication
0x00000001c5be3000 	/System/Library/PrivateFrameworks/MallocStackLogging.framework/Versions/A/MallocStackLogging
0x00000001acdf1000 	/System/Library/PrivateFrameworks/CrashReporterSupport.framework/Versions/A/CrashReporterSupport
0x00000001b5046000 	/System/Library/PrivateFrameworks/DebugSymbols.framework/Versions/A/DebugSymbols
0x00000001d64bc000 	/System/Library/PrivateFrameworks/OSAnalytics.framework/Versions/A/OSAnalytics
0x00000001adce7000 	/System/Library/Frameworks/ApplicationServices.framework/Versions/A/Frameworks/ATSUI.framework/Versions/A/ATSUI
0x00000001af582000 	/usr/lib/libcups.2.dylib
0x00000001af61e000 	/System/Library/Frameworks/Kerberos.framework/Versions/A/Kerberos
0x00000001af28b000 	/usr/lib/libresolv.9.dylib
0x00000001ab7a1000 	/usr/lib/libiconv.2.dylib
0x00000001ad29b000 	/System/Library/PrivateFrameworks/Heimdal.framework/Versions/A/Heimdal
0x00000001b741c000 	/System/Library/Frameworks/Kerberos.framework/Versions/A/Libraries/libHeimdalProxy.dylib
0x00000001ad06e000 	/usr/lib/libheimdal-asn1.dylib
0x00000001a6e48000 	/System/Library/Frameworks/OpenDirectory.framework/Versions/A/OpenDirectory
0x00000001af68b000 	/System/Library/PrivateFrameworks/CommonAuth.framework/Versions/A/CommonAuth
0x00000001a6e56000 	/System/Library/Frameworks/OpenDirectory.framework/Versions/A/Frameworks/CFOpenDirectory.framework/Versions/A/CFOpenDirectory
0x00000001ab6f6000 	/usr/lib/libcharset.1.dylib
0x00000001fafe6000 	/System/Library/Frameworks/AVFAudio.framework/Versions/A/AVFAudio
0x00000001bfd9f000 	/System/Library/PrivateFrameworks/AXCoreUtilities.framework/Versions/A/AXCoreUtilities
0x0000000258b64000 	/System/Library/PrivateFrameworks/IsolatedCoreAudioClient.framework/Versions/A/IsolatedCoreAudioClient
0x00000001af1c5000 	/usr/lib/libAudioStatistics.dylib
0x00000001a8cae000 	/System/Library/PrivateFrameworks/caulk.framework/Versions/A/caulk
0x000000019ff0c000 	/System/Library/PrivateFrameworks/AudioToolboxCore.framework/Versions/A/AudioToolboxCore
0x00000001b96a8000 	/System/Library/Frameworks/CoreMIDI.framework/Versions/A/CoreMIDI
0x00000001af168000 	/System/Library/PrivateFrameworks/AudioSession.framework/Versions/A/AudioSession
0x00000001b0a91000 	/System/Library/Frameworks/IOBluetooth.framework/Versions/A/IOBluetooth
0x00000001ad158000 	/System/Library/PrivateFrameworks/MediaExperience.framework/Versions/A/MediaExperience
0x00000002703b0000 	/System/Library/PrivateFrameworks/Tightbeam.framework/Versions/A/Tightbeam
0x00000001dba2a000 	/System/Library/PrivateFrameworks/AFKUser.framework/Versions/A/AFKUser
0x00000001ad27e000 	/System/Library/PrivateFrameworks/AppServerSupport.framework/Versions/A/AppServerSupport
0x00000001af602000 	/System/Library/PrivateFrameworks/perfdata.framework/Versions/A/perfdata
0x00000001c4e4b000 	/System/Library/PrivateFrameworks/SystemPolicy.framework/Versions/A/SystemPolicy
0x00000001af4a1000 	/usr/lib/libSMC.dylib
0x00000001adbca000 	/usr/lib/libAudioToolboxUtility.dylib
0x00000001af610000 	/usr/lib/libperfcheck.dylib
0x0000000243671000 	/System/Library/PrivateFrameworks/AudioAnalytics.framework/Versions/A/AudioAnalytics
0x00000001eefb6000 	/System/Library/PrivateFrameworks/FeatureFlags.framework/Versions/A/FeatureFlags
0x00000001e7c50000 	/System/Library/Frameworks/OSLog.framework/Versions/A/OSLog
0x00000001ab23f000 	/usr/lib/libbz2.1.0.dylib
0x00000001c5c15000 	/usr/lib/libmis.dylib
0x00000001aef7b000 	/System/Library/PrivateFrameworks/AudioSession.framework/libSessionUtility.dylib
0x00000001add1c000 	/System/Library/PrivateFrameworks/CMCaptureCore.framework/Versions/A/CMCaptureCore
0x00000001fc6b6000 	/System/Library/Frameworks/ExtensionFoundation.framework/Versions/A/ExtensionFoundation
0x00000001b51a0000 	/System/Library/PrivateFrameworks/CoreTime.framework/Versions/A/CoreTime
0x00000001acf50000 	/System/Library/PrivateFrameworks/PlugInKit.framework/Versions/A/PlugInKit
0x00000001b3dd5000 	/System/Library/PrivateFrameworks/PowerLog.framework/Versions/A/PowerLog
0x00000001b3ce4000 	/System/Library/Frameworks/CoreBluetooth.framework/Versions/A/CoreBluetooth
0x00000001b741d000 	/System/Library/Frameworks/AudioUnit.framework/Versions/A/AudioUnit
0x00000001aa8d7000 	/System/Library/PrivateFrameworks/CoreUtils.framework/Versions/A/CoreUtils
0x000000024a26a000 	/System/Library/PrivateFrameworks/CoreUtilsExtras.framework/Versions/A/CoreUtilsExtras
0x00000001b3119000 	/System/Library/Frameworks/MediaAccessibility.framework/Versions/A/MediaAccessibility
0x00000001ce069000 	/System/Library/PrivateFrameworks/AttributeGraph.framework/Versions/A/AttributeGraph
0x000000027d574000 	/usr/lib/libAXSafeCategoryBundle.dylib
0x00000001bfe5c000 	/usr/lib/libAccessibility.dylib
0x00000001aa721000 	/System/Library/Frameworks/Accelerate.framework/Versions/A/Frameworks/vecLib.framework/Versions/A/libvDSP.dylib
0x00000001ab9ec000 	/System/Library/Frameworks/Accelerate.framework/Versions/A/Frameworks/vecLib.framework/Versions/A/libLAPACK.dylib
0x00000001aabd9000 	/System/Library/Frameworks/Accelerate.framework/Versions/A/Frameworks/vecLib.framework/Versions/A/libLinearAlgebra.dylib
0x00000001ab8fb000 	/System/Library/Frameworks/Accelerate.framework/Versions/A/Frameworks/vecLib.framework/Versions/A/libSparseBLAS.dylib
0x00000001ab9e7000 	/System/Library/Frameworks/Accelerate.framework/Versions/A/Frameworks/vecLib.framework/Versions/A/libQuadrature.dylib
0x00000001a9d5b000 	/System/Library/Frameworks/Accelerate.framework/Versions/A/Frameworks/vecLib.framework/Versions/A/libBNNS.dylib
0x000000019e9da000 	/System/Library/Frameworks/Accelerate.framework/Versions/A/Frameworks/vecLib.framework/Versions/A/libSparse.dylib
0x000000025a0c7000 	/System/Library/PrivateFrameworks/MIL.framework/Versions/A/MIL
0x00000001adcae000 	/System/Library/PrivateFrameworks/GPUWrangler.framework/Versions/A/GPUWrangler
0x00000001adc8e000 	/System/Library/PrivateFrameworks/IOPresentment.framework/Versions/A/IOPresentment
0x00000001adcb6000 	/System/Library/PrivateFrameworks/DSExternalDisplay.framework/Versions/A/DSExternalDisplay
0x00000001e805d000 	/System/Library/PrivateFrameworks/HIDDisplay.framework/Versions/A/HIDDisplay
0x00000001beb70000 	/System/Library/PrivateFrameworks/HID.framework/Versions/A/HID
0x0000000273bd2000 	/System/Library/PrivateFrameworks/VideoToolboxParavirtualizationSupport.framework/Versions/A/VideoToolboxParavirtualizationSupport
0x00000001ad009000 	/System/Library/PrivateFrameworks/AppleVA.framework/Versions/A/AppleVA
0x00000001b4cef000 	/System/Library/PrivateFrameworks/GraphicsServices.framework/Versions/A/GraphicsServices
0x00000001af7f8000 	/System/Library/PrivateFrameworks/CorePhoneNumbers.framework/Versions/A/CorePhoneNumbers
0x00000001b3ec5000 	/System/Library/PrivateFrameworks/MediaKit.framework/Versions/A/MediaKit
0x00000001b3e10000 	/System/Library/Frameworks/DiscRecording.framework/Versions/A/DiscRecording
0x00000001af5e2000 	/System/Library/PrivateFrameworks/NetAuth.framework/Versions/A/NetAuth
0x00000001a7046000 	/System/Library/PrivateFrameworks/login.framework/Versions/A/Frameworks/loginsupport.framework/Versions/A/loginsupport
0x00000001ad079000 	/System/Library/PrivateFrameworks/IconFoundation.framework/Versions/A/IconFoundation
0x00000001acde8000 	/usr/lib/libIOReport.dylib
0x000000024328c000 	/System/Library/PrivateFrameworks/AppleMobileFileIntegrity.framework/Versions/A/AppleMobileFileIntegrity
0x000000027d91a000 	/usr/lib/libTLE.dylib
0x00000001f79c1000 	/System/Library/PrivateFrameworks/ConfigProfileHelper.framework/Versions/A/ConfigProfileHelper
0x00000001aab75000 	/usr/lib/libmecab.dylib
0x000000019eacf000 	/usr/lib/libCRFSuite.dylib
0x00000001a9c34000 	/System/Library/PrivateFrameworks/CoreNLP.framework/Versions/A/CoreNLP
0x00000001aabd6000 	/usr/lib/libgermantok.dylib
0x00000001ab8b1000 	/usr/lib/libThaiTokenizer.dylib
0x00000001aab3f000 	/usr/lib/libCheckFix.dylib
0x00000001a62dd000 	/System/Library/PrivateFrameworks/MetadataUtilities.framework/Versions/A/MetadataUtilities
0x0000000255f8e000 	/System/Library/PrivateFrameworks/InstalledContentLibrary.framework/Versions/A/InstalledContentLibrary
0x00000001a1616000 	/System/Library/PrivateFrameworks/CoreServicesStore.framework/Versions/A/CoreServicesStore
0x00000001d7330000 	/System/Library/PrivateFrameworks/MobileSystemServices.framework/Versions/A/MobileSystemServices
0x00000001acca6000 	/usr/lib/libxslt.1.dylib
0x00000001aab01000 	/System/Library/PrivateFrameworks/BackgroundTaskManagement.framework/Versions/A/BackgroundTaskManagement
0x00000001b6bc9000 	/usr/lib/libcurl.4.dylib
0x000000027db53000 	/usr/lib/libcrypto.46.dylib
0x000000027e0a0000 	/usr/lib/libssl.48.dylib
0x00000001b689d000 	/System/Library/Frameworks/LDAP.framework/Versions/A/LDAP
0x00000001b68d9000 	/System/Library/PrivateFrameworks/TrustEvaluationAgent.framework/Versions/A/TrustEvaluationAgent
0x00000001af2a4000 	/usr/lib/libsasl2.2.dylib
0x00000001c341d000 	/usr/lib/swift/libswiftCoreGraphics.dylib
0x00000001b3753000 	/usr/lib/swift/libswiftFoundation.dylib
0x00000001f7478000 	/usr/lib/swift/libswiftSwiftOnoneSupport.dylib
0x00000001e4726000 	/System/Library/PrivateFrameworks/CoreMaterial.framework/Versions/A/CoreMaterial
0x0000000264bb2000 	/System/Library/PrivateFrameworks/SFSymbols.framework/Versions/A/SFSymbols
0x00000001b2a19000 	/System/Library/PrivateFrameworks/SpeechRecognitionCore.framework/Versions/A/SpeechRecognitionCore
0x00000001040d0000 	/Users/ethan/Library/Java/JavaVirtualMachines/liberica-full-21.0.6/lib/server/libjvm.dylib
0x0000000102c90000 	/Users/ethan/Library/Java/JavaVirtualMachines/liberica-full-21.0.6/lib/libjimage.dylib
0x0000000102cbc000 	/Users/ethan/Library/Java/JavaVirtualMachines/liberica-full-21.0.6/lib/libinstrument.dylib
0x0000000102d04000 	/Users/ethan/Library/Java/JavaVirtualMachines/liberica-full-21.0.6/lib/libjava.dylib
0x0000000104048000 	/Users/ethan/Library/Java/JavaVirtualMachines/liberica-full-21.0.6/lib/libzip.dylib
0x0000000102ee8000 	/Users/ethan/Library/Java/JavaVirtualMachines/liberica-full-21.0.6/lib/libnio.dylib
0x0000000104070000 	/Users/ethan/Library/Java/JavaVirtualMachines/liberica-full-21.0.6/lib/libnet.dylib
0x000000010408c000 	/Users/ethan/Library/Java/JavaVirtualMachines/liberica-full-21.0.6/lib/libextnet.dylib
0x0000000123d54000 	/Users/ethan/Library/Java/JavaVirtualMachines/liberica-full-21.0.6/lib/libawt.dylib
0x0000000123e0c000 	/Users/ethan/Library/Java/JavaVirtualMachines/liberica-full-21.0.6/lib/libmlib_image.dylib
0x00000001fdb02000 	/System/Library/Frameworks/JavaRuntimeSupport.framework/Versions/A/JavaRuntimeSupport
0x00000001c4888000 	/System/Library/Frameworks/Carbon.framework/Versions/A/Carbon
0x00000001bbcae000 	/System/Library/Frameworks/Carbon.framework/Versions/A/Frameworks/CommonPanels.framework/Versions/A/CommonPanels
0x00000001b6bb4000 	/System/Library/Frameworks/Carbon.framework/Versions/A/Frameworks/Help.framework/Versions/A/Help
0x00000001bbcb2000 	/System/Library/Frameworks/Carbon.framework/Versions/A/Frameworks/ImageCapture.framework/Versions/A/ImageCapture
0x00000001bbc8d000 	/System/Library/Frameworks/Carbon.framework/Versions/A/Frameworks/OpenScripting.framework/Versions/A/OpenScripting
0x00000001bbcad000 	/System/Library/Frameworks/Carbon.framework/Versions/A/Frameworks/Ink.framework/Versions/A/Ink
0x00000001bbcaa000 	/System/Library/Frameworks/Carbon.framework/Versions/A/Frameworks/SecurityHI.framework/Versions/A/SecurityHI
0x000000012a800000 	/Users/ethan/Library/Java/JavaVirtualMachines/liberica-full-21.0.6/lib/libawt_lwawt.dylib
0x0000000123cc8000 	/Users/ethan/Library/Java/JavaVirtualMachines/liberica-full-21.0.6/lib/libosxapp.dylib
0x00000001c3481000 	/System/Library/Frameworks/ExceptionHandling.framework/Versions/A/ExceptionHandling
0x000000012a928000 	/Users/ethan/Library/Java/JavaVirtualMachines/liberica-full-21.0.6/lib/libfontmanager.dylib
0x0000000123f20000 	/Users/ethan/Library/Java/JavaVirtualMachines/liberica-full-21.0.6/lib/libfreetype.dylib
0x00000001a6d1f000 	/System/Library/PrivateFrameworks/ViewBridge.framework/Versions/A/ViewBridge
0x00000001ceda7000 	/System/Library/CoreServices/RawCamera.bundle/Contents/MacOS/RawCamera
0x00000001b7440000 	/System/Library/PrivateFrameworks/StreamingZip.framework/Versions/A/StreamingZip
0x00000001af69e000 	/System/Library/PrivateFrameworks/MobileAsset.framework/Versions/A/MobileAsset
0x00000001cc450000 	/System/Library/PrivateFrameworks/SoftwareUpdateCoreSupport.framework/Versions/A/SoftwareUpdateCoreSupport
0x00000001d3d41000 	/System/Library/PrivateFrameworks/SoftwareUpdateCoreConnect.framework/Versions/A/SoftwareUpdateCoreConnect
0x00000001b6b08000 	/System/Library/PrivateFrameworks/RemoteServiceDiscovery.framework/Versions/A/RemoteServiceDiscovery
0x00000001cc0dd000 	/System/Library/PrivateFrameworks/MSUDataAccessor.framework/Versions/A/MSUDataAccessor
0x00000001c7a7e000 	/usr/lib/libbootpolicy.dylib
0x00000001b6b1e000 	/System/Library/PrivateFrameworks/RemoteXPC.framework/Versions/A/RemoteXPC
0x00000001d3162000 	/usr/lib/libFDR.dylib
0x00000001d876b000 	/usr/lib/libamsupport.dylib
0x000000027d8cc000 	/usr/lib/libReverseProxyDevice.dylib
0x0000000242ad2000 	/System/Library/PrivateFrameworks/AppleDeviceQuerySupport.framework/Versions/A/AppleDeviceQuerySupport
0x00000001db561000 	/usr/lib/libpartition2_dynamic.dylib
0x0000000242eb3000 	/System/Library/PrivateFrameworks/AppleJPEGXL.framework/Versions/A/AppleJPEGXL
0x00000001b65b7000 	/System/Library/PrivateFrameworks/CoreWiFi.framework/Versions/A/CoreWiFi
0x000000027dd7f000 	/usr/lib/libmrc.dylib
0x0000000255da1000 	/System/Library/PrivateFrameworks/IPConfiguration.framework/Versions/A/IPConfiguration
0x00000001e46ea000 	/System/Library/PrivateFrameworks/Netrb.framework/Versions/A/Netrb
0x00000001ef03d000 	/System/Library/PrivateFrameworks/WiFiPeerToPeer.framework/Versions/A/WiFiPeerToPeer
0x00000001ab51d000 	/System/Library/Frameworks/UserNotifications.framework/Versions/A/UserNotifications
0x00000001af802000 	/usr/lib/libTelephonyUtilDynamic.dylib
0x00000001adf18000 	/System/Library/Frameworks/MediaToolbox.framework/Versions/A/MediaToolbox
0x00000001b3feb000 	/System/Library/PrivateFrameworks/CoreAVCHD.framework/Versions/A/CoreAVCHD
0x00000001b3fe7000 	/System/Library/PrivateFrameworks/Mangrove.framework/Versions/A/Mangrove
0x0000000244f98000 	/System/Library/PrivateFrameworks/CMPhoto.framework/Versions/A/CMPhoto
0x00000001b4730000 	/System/Library/Frameworks/CoreTelephony.framework/Versions/A/CoreTelephony
0x00000001b3fda000 	/System/Library/PrivateFrameworks/CoreAUC.framework/Versions/A/CoreAUC
0x00000001cba8a000 	/System/Library/Frameworks/Accelerate.framework/Versions/A/Frameworks/vImage.framework/Versions/A/Libraries/libCGInterfaces.dylib
0x000000012aae8000 	/usr/lib/libobjc-trampolines.dylib
0x000000027d578000 	/usr/lib/libAccessibilityBaseImplementations.dylib
0x0000000277119000 	/System/Library/PrivateFrameworks/WritingToolsUI.framework/Versions/A/WritingToolsUI
0x0000000252ee7000 	/System/Library/PrivateFrameworks/GenerativeAssistantSettings.framework/Versions/A/GenerativeAssistantSettings
0x000000026e642000 	/System/Library/PrivateFrameworks/TextComposer.framework/Versions/A/TextComposer
0x00000001c5c79000 	/usr/lib/swift/libswiftIntents.dylib
0x000000027e32a000 	/usr/lib/swift/libswiftSafariServices.dylib
0x000000027e32f000 	/usr/lib/swift/libswiftSpatial.dylib
0x00000001eeea1000 	/usr/lib/swift/libswiftWebKit.dylib
0x00000001fb13b000 	/System/Library/Frameworks/AppIntents.framework/Versions/A/AppIntents
0x00000001cc8bf000 	/System/Library/Frameworks/SwiftUI.framework/Versions/A/SwiftUI
0x000000023e617000 	/System/Library/Frameworks/_AuthenticationServices_SwiftUI.framework/Versions/A/_AuthenticationServices_SwiftUI
0x00000002411ac000 	/System/Library/PrivateFrameworks/Anvil.framework/Versions/A/Anvil
0x00000001cbf59000 	/System/Library/PrivateFrameworks/AppStoreDaemon.framework/Versions/A/AppStoreDaemon
0x00000001b98b7000 	/System/Library/PrivateFrameworks/AppleMediaServices.framework/Versions/A/AppleMediaServices
0x00000001c8b7c000 	/System/Library/PrivateFrameworks/AppleMediaServicesUI.framework/Versions/A/AppleMediaServicesUI
0x0000000252ec5000 	/System/Library/PrivateFrameworks/GenerativeAssistantCommon.framework/Versions/A/GenerativeAssistantCommon
0x00000001f6aab000 	/System/Library/PrivateFrameworks/JetEngine.framework/Versions/A/JetEngine
0x0000000259a17000 	/System/Library/PrivateFrameworks/LinkMetadata.framework/Versions/A/LinkMetadata
0x00000001c64e8000 	/System/Library/PrivateFrameworks/OnBoardingKit.framework/Versions/A/OnBoardingKit
0x00000002659e8000 	/System/Library/PrivateFrameworks/Settings.framework/Versions/A/Settings
0x00000001ab56a000 	/System/Library/Frameworks/CoreSpotlight.framework/Versions/A/CoreSpotlight
0x0000000259cd4000 	/System/Library/PrivateFrameworks/LinkServices.framework/Versions/A/LinkServices
0x000000024adef000 	/System/Library/PrivateFrameworks/DoNotDisturb.framework/Versions/A/DoNotDisturb
0x00000001ca856000 	/System/Library/PrivateFrameworks/IntentsCore.framework/Versions/A/IntentsCore
0x0000000243a49000 	/System/Library/PrivateFrameworks/AvailabilityKit.framework/Versions/A/AvailabilityKit
0x000000026d28e000 	/System/Library/PrivateFrameworks/StatusKit.framework/Versions/A/StatusKit
0x0000000263dbd000 	/System/Library/PrivateFrameworks/RecapPerformanceTesting.framework/Versions/A/RecapPerformanceTesting
0x000000027d919000 	/usr/lib/libSpatial.dylib
0x000000024391f000 	/System/Library/PrivateFrameworks/AuthenticationServicesCore.framework/Versions/A/AuthenticationServicesCore
0x00000001cf200000 	/System/Library/Frameworks/AuthenticationServices.framework/Versions/A/AuthenticationServices
0x00000001acf2c000 	/System/Library/PrivateFrameworks/SharedWebCredentials.framework/Versions/A/SharedWebCredentials
0x00000001c72a4000 	/System/Library/PrivateFrameworks/SafariCore.framework/Versions/A/SafariCore
0x00000001ced62000 	/System/Library/PrivateFrameworks/SafariFoundation.framework/Versions/A/SafariFoundation
0x00000002449fc000 	/System/Library/PrivateFrameworks/CBORLibrary.framework/Versions/A/CBORLibrary
0x00000002456b5000 	/System/Library/PrivateFrameworks/Chirp.framework/Versions/A/Chirp
0x00000001f7cf1000 	/System/Library/PrivateFrameworks/RemoteManagement.framework/Versions/A/RemoteManagement
0x00000002640d7000 	/System/Library/PrivateFrameworks/RemoteManagementModel.framework/Versions/A/RemoteManagementModel
0x000000026415f000 	/System/Library/PrivateFrameworks/RemoteManagementStore.framework/Versions/A/RemoteManagementStore
0x00000001b0c7c000 	/usr/lib/libxcselect.dylib
0x00000001cecd3000 	/System/Library/PrivateFrameworks/DifferentialPrivacy.framework/Versions/A/DifferentialPrivacy
0x00000001b3a03000 	/System/Library/Frameworks/Contacts.framework/Versions/A/Contacts
0x0000000272bd2000 	/System/Library/PrivateFrameworks/VDAF.framework/Versions/A/VDAF
0x00000001b3821000 	/System/Library/PrivateFrameworks/ContactsPersistence.framework/Versions/A/ContactsPersistence
0x00000001b2a33000 	/System/Library/PrivateFrameworks/AppleLDAP.framework/Versions/A/AppleLDAP
0x00000001b6f5b000 	/System/Library/Frameworks/ClassKit.framework/Versions/A/ClassKit
0x00000001b9022000 	/System/Library/PrivateFrameworks/CoreSuggestions.framework/Versions/A/CoreSuggestions
0x00000001b3754000 	/System/Library/PrivateFrameworks/ContactsFoundation.framework/Versions/A/ContactsFoundation
0x00000001b4cb1000 	/System/Library/PrivateFrameworks/vCard.framework/Versions/A/vCard
0x0000000246bf7000 	/System/Library/PrivateFrameworks/ContactsMetrics.framework/Versions/A/ContactsMetrics
0x00000001ad36d000 	/System/Library/PrivateFrameworks/login.framework/Versions/A/login
0x00000001a7464000 	/System/Library/PrivateFrameworks/CloudDocs.framework/Versions/A/CloudDocs
0x00000001b8650000 	/System/Library/PrivateFrameworks/ConfigurationProfiles.framework/Versions/A/ConfigurationProfiles
0x000000024a436000 	/System/Library/PrivateFrameworks/DMCUtilities.framework/Versions/A/DMCUtilities
0x000000025a045000 	/System/Library/PrivateFrameworks/MDMClientLibrary.framework/Versions/A/MDMClientLibrary
0x0000000264153000 	/System/Library/PrivateFrameworks/RemoteManagementProtocol.framework/Versions/A/RemoteManagementProtocol
0x000000027d744000 	/usr/lib/libEndpointSecuritySystem.dylib
0x00000001b3154000 	/System/Library/PrivateFrameworks/SystemAdministration.framework/Versions/A/SystemAdministration
0x00000001bd4e3000 	/System/Library/PrivateFrameworks/PowerlogControl.framework/Versions/A/PowerlogControl
0x00000001aab31000 	/System/Library/Frameworks/ServiceManagement.framework/Versions/A/ServiceManagement
0x00000001bd4e5000 	/usr/lib/libUniversalAccess.dylib
0x00000001ba2f3000 	/System/Library/PrivateFrameworks/FamilyControls.framework/Versions/A/FamilyControls
0x00000001b29e5000 	/System/Library/Frameworks/DirectoryService.framework/Versions/A/DirectoryService
0x00000001b6c4c000 	/System/Library/PrivateFrameworks/LoginUIKit.framework/Versions/A/Frameworks/LoginUICore.framework/Versions/A/LoginUICore
0x00000001ad554000 	/usr/lib/libodfde.dylib
0x00000001ba2ed000 	/System/Library/PrivateFrameworks/UniversalAccess.framework/Versions/A/Libraries/libUAPreferences.dylib
0x00000001ba317000 	/System/Library/PrivateFrameworks/CommerceKit.framework/Versions/A/Frameworks/CommerceCore.framework/Versions/A/CommerceCore
0x000000024a3f5000 	/System/Library/PrivateFrameworks/DEPClientLibrary.framework/Versions/A/DEPClientLibrary
0x00000001bd5c9000 	/System/Library/PrivateFrameworks/SetupAssistantFramework.framework/Versions/A/SetupAssistantFramework
0x00000001b72fd000 	/System/Library/PrivateFrameworks/AuthKitUI.framework/Versions/A/AuthKitUI
0x00000001b6c96000 	/System/Library/PrivateFrameworks/AppSSO.framework/Versions/A/AppSSO
0x00000001cbcc6000 	/System/Library/PrivateFrameworks/LocalAuthenticationUI.framework/Versions/A/LocalAuthenticationUI
0x00000002625c4000 	/System/Library/PrivateFrameworks/PlatformSSO.framework/Versions/A/PlatformSSO
0x00000001cc697000 	/System/Library/PrivateFrameworks/AOSUI.framework/Versions/A/AOSUI
0x00000001bf547000 	/System/Library/Frameworks/ContactsUI.framework/Versions/A/ContactsUI
0x00000001b3c38000 	/System/Library/PrivateFrameworks/FamilyCircle.framework/Versions/A/FamilyCircle
0x00000001d916a000 	/System/Library/Frameworks/LinkPresentation.framework/Versions/A/LinkPresentation
0x0000000262684000 	/System/Library/PrivateFrameworks/PlatformSSOCore.framework/Versions/A/PlatformSSOCore
0x00000001bf251000 	/System/Library/PrivateFrameworks/IASUtilities.framework/Versions/A/IASUtilities
0x0000000255c79000 	/System/Library/PrivateFrameworks/IASUtilitiesCore.framework/Versions/A/IASUtilitiesCore
0x00000001c34e6000 	/System/Library/Frameworks/WebKit.framework/Versions/A/WebKit
0x00000001bbcb5000 	/System/Library/Frameworks/JavaScriptCore.framework/Versions/A/JavaScriptCore
0x0000000259f64000 	/System/Library/PrivateFrameworks/LocalAuthenticationCoreUI.framework/Versions/A/LocalAuthenticationCoreUI
0x00000001c59b0000 	/System/Library/Frameworks/LocalAuthentication.framework/Support/DaemonUtils.framework/Versions/A/DaemonUtils
0x00000001c8b44000 	/System/Library/PrivateFrameworks/BridgeXPC.framework/Versions/A/BridgeXPC
0x00000001ad390000 	/System/Library/PrivateFrameworks/CoreBrightness.framework/Versions/A/CoreBrightness
0x00000001c65c2000 	/System/Library/PrivateFrameworks/CoreKDL.framework/Versions/A/CoreKDL
0x00000001c4e44000 	/System/Library/PrivateFrameworks/EmbeddedOSSupportHost.framework/Versions/A/EmbeddedOSSupportHost
0x000000026dec9000 	/System/Library/PrivateFrameworks/SystemStatus.framework/Versions/A/SystemStatus
0x00000001b92eb000 	/System/Library/Frameworks/WebKit.framework/Versions/A/Frameworks/WebKitLegacy.framework/Versions/A/WebKitLegacy
0x00000001b72a3000 	/System/Library/PrivateFrameworks/CorePrediction.framework/Versions/A/CorePrediction
0x00000001a7d2f000 	/System/Library/Frameworks/WebKit.framework/Versions/A/Frameworks/WebCore.framework/Versions/A/Frameworks/libwebrtc.dylib
0x00000001c3484000 	/System/Library/PrivateFrameworks/SafariSafeBrowsing.framework/Versions/A/SafariSafeBrowsing
0x00000001af32d000 	/System/Library/Frameworks/SecurityInterface.framework/Versions/A/SecurityInterface
0x00000001c64e7000 	/System/Library/PrivateFrameworks/WebInspectorUI.framework/Versions/A/WebInspectorUI
0x00000001bfe8d000 	/System/Library/Frameworks/WebKit.framework/Versions/A/Frameworks/WebCore.framework/Versions/A/WebCore
0x000000023e171000 	/System/Library/Frameworks/WebKit.framework/Versions/A/Frameworks/WebCore.framework/Versions/A/Frameworks/libANGLE-shared.dylib
0x0000000275d5d000 	/System/Library/PrivateFrameworks/WebGPU.framework/Versions/A/WebGPU
0x00000001c8215000 	/System/Library/Frameworks/SceneKit.framework/Versions/A/SceneKit
0x00000001d7b33000 	/System/Library/Frameworks/ModelIO.framework/Versions/A/ModelIO
0x00000001b0c5e000 	/System/Library/Frameworks/MetalKit.framework/Versions/A/MetalKit
0x00000001b2d2c000 	/System/Library/Frameworks/GLKit.framework/Versions/A/GLKit
0x000000027e8a1000 	/usr/lib/usd/libusd_ms.dylib
0x00000002723d8000 	/System/Library/PrivateFrameworks/USDLib_FormatLoaderProxy.framework/Versions/A/USDLib_FormatLoaderProxy
0x00000001c5728000 	/System/Library/PrivateFrameworks/CoreOptimization.framework/Versions/A/CoreOptimization
0x00000001d3d6e000 	/System/Library/PrivateFrameworks/StorageKit.framework/Versions/A/StorageKit
0x00000001fc7be000 	/System/Library/Frameworks/FSKit.framework/Versions/A/FSKit
0x000000024ab28000 	/System/Library/PrivateFrameworks/DiskImages2.framework/Versions/A/DiskImages2
0x0000000259e22000 	/System/Library/PrivateFrameworks/LiveFS.framework/Versions/A/LiveFS
0x000000027b0b6000 	/System/Library/PrivateFrameworks/icloudMCCKit.framework/Versions/A/icloudMCCKit
0x00000002428bd000 	/System/Library/PrivateFrameworks/AppleAccountUI.framework/Versions/A/AppleAccountUI
0x000000024615a000 	/System/Library/PrivateFrameworks/CloudSubscriptionFeatures.framework/Versions/A/CloudSubscriptionFeatures
0x00000001e46f2000 	/System/Library/PrivateFrameworks/PreferencePanesSupport.framework/Versions/A/PreferencePanesSupport
0x00000001cc844000 	/System/Library/PrivateFrameworks/FindMyDeviceUI.framework/Versions/A/FindMyDeviceUI
0x0000000278d02000 	/System/Library/PrivateFrameworks/iCloudQuotaUI.framework/Versions/A/iCloudQuotaUI
0x00000001e48a2000 	/System/Library/PrivateFrameworks/CoreCDPUI.framework/Versions/A/CoreCDPUI
0x00000001c7034000 	/System/Library/PrivateFrameworks/CoreFollowUpUI.framework/Versions/A/CoreFollowUpUI
0x00000001af364000 	/System/Library/PrivateFrameworks/CoreFollowUp.framework/Versions/A/CoreFollowUp
0x00000001d2adb000 	/System/Library/PrivateFrameworks/IMCore.framework/Versions/A/IMCore
0x00000001bd54b000 	/System/Library/PrivateFrameworks/CoreCDP.framework/Versions/A/CoreCDP
0x00000001b98aa000 	/System/Library/PrivateFrameworks/AskPermission.framework/Versions/A/AskPermission
0x00000001ca83d000 	/System/Library/Frameworks/Quartz.framework/Versions/A/Quartz
0x00000001d6654000 	/System/Library/PrivateFrameworks/CloudPhotoServicesConfiguration.framework/Versions/A/CloudPhotoServicesConfiguration
0x00000001c928b000 	/System/Library/PrivateFrameworks/CommerceKit.framework/Versions/A/CommerceKit
0x00000001d74cb000 	/System/Library/PrivateFrameworks/FindMyMac.framework/Versions/A/FindMyMac
0x00000001d739a000 	/System/Library/Frameworks/PreferencePanes.framework/Versions/A/PreferencePanes
0x00000001cbdbb000 	/System/Library/Frameworks/AddressBook.framework/Versions/A/AddressBook
0x00000001b890d000 	/System/Library/PrivateFrameworks/AOSAccounts.framework/Versions/A/AOSAccounts
0x00000001b314e000 	/System/Library/PrivateFrameworks/AppleSRP.framework/Versions/A/AppleSRP
0x00000001c58d2000 	/System/Library/Frameworks/SafariServices.framework/Versions/A/SafariServices
0x00000001b7425000 	/System/Library/PrivateFrameworks/NetFSServer.framework/Versions/A/NetFSServer
0x00000001c80ef000 	/System/Library/Frameworks/PDFKit.framework/Versions/A/PDFKit
0x00000001d8382000 	/System/Library/PrivateFrameworks/EmailFoundation.framework/Versions/A/EmailFoundation
0x00000001d73f6000 	/System/Library/PrivateFrameworks/EmailCore.framework/Versions/A/EmailCore
0x00000001db0ce000 	/System/Library/PrivateFrameworks/EmailAddressing.framework/Versions/A/EmailAddressing
0x00000001db0da000 	/System/Library/PrivateFrameworks/Email.framework/Versions/A/Email
0x0000000243b89000 	/System/Library/PrivateFrameworks/BackgroundSystemTasks.framework/Versions/A/BackgroundSystemTasks
0x00000001c6fb7000 	/System/Library/PrivateFrameworks/IntlPreferences.framework/Versions/A/IntlPreferences
0x0000000259fef000 	/System/Library/PrivateFrameworks/LockdownMode.framework/Versions/A/LockdownMode
0x00000001b3c32000 	/System/Library/PrivateFrameworks/CommunicationsFilter.framework/Versions/A/CommunicationsFilter
0x0000000243a4c000 	/System/Library/PrivateFrameworks/AvatarKit.framework/Versions/A/AvatarKit
0x0000000243b04000 	/System/Library/PrivateFrameworks/AvatarPersistence.framework/Versions/A/AvatarPersistence
0x00000002641b2000 	/System/Library/PrivateFrameworks/RemoteUI.framework/Versions/A/RemoteUI
0x00000001b2df9000 	/usr/lib/libCTGreenTeaLogger.dylib
0x000000023db0e000 	/System/Library/Frameworks/TipKit.framework/Versions/A/TipKit
0x00000001e62c5000 	/System/Library/PrivateFrameworks/AppleCVA.framework/Versions/A/AppleCVA
0x0000000243b03000 	/System/Library/PrivateFrameworks/AvatarKitContent.framework/Versions/A/AvatarKitContent
0x00000001b2e21000 	/System/Library/PrivateFrameworks/CoreAppleCVA.framework/Versions/A/CoreAppleCVA
0x0000000258e8e000 	/System/Library/PrivateFrameworks/LiftUI.framework/Versions/A/LiftUI
0x00000001fc781000 	/System/Library/Frameworks/ExtensionKit.framework/Versions/A/ExtensionKit
0x00000002460ca000 	/System/Library/PrivateFrameworks/CloudSettings.framework/Versions/A/CloudSettings
0x00000001b90e6000 	/System/Library/Frameworks/EventKit.framework/Versions/A/EventKit
0x00000001c6712000 	/System/Library/PrivateFrameworks/SearchFoundation.framework/Versions/A/SearchFoundation
0x00000001c5385000 	/System/Library/PrivateFrameworks/CoreRoutine.framework/Versions/A/CoreRoutine
0x00000002452bb000 	/System/Library/PrivateFrameworks/CalendarDatabase.framework/Versions/A/CalendarDatabase
0x0000000245210000 	/System/Library/PrivateFrameworks/CalendarDaemon.framework/Versions/A/CalendarDaemon
0x00000001b8569000 	/System/Library/PrivateFrameworks/CalendarFoundation.framework/Versions/A/CalendarFoundation
0x00000001b8525000 	/System/Library/PrivateFrameworks/iCalendar.framework/Versions/A/iCalendar
0x000000024a62f000 	/System/Library/PrivateFrameworks/DataAccessExpress.framework/Versions/A/DataAccessExpress
0x00000001cc4cb000 	/System/Library/PrivateFrameworks/FTClientServices.framework/Versions/A/FTClientServices
0x00000001bf0e4000 	/System/Library/PrivateFrameworks/CoreDAV.framework/Versions/A/CoreDAV
0x00000001b8fc4000 	/System/Library/PrivateFrameworks/CalDAV.framework/Versions/A/CalDAV
0x00000001c31e7000 	/System/Library/PrivateFrameworks/TelephonyUtilities.framework/Versions/A/TelephonyUtilities
0x00000001c70fb000 	/System/Library/Frameworks/CallKit.framework/Versions/A/CallKit
0x00000001ed46d000 	/System/Library/PrivateFrameworks/IMTransferServices.framework/Versions/A/IMTransferServices
0x00000001c5741000 	/System/Library/PrivateFrameworks/IncomingCallFilter.framework/Versions/A/IncomingCallFilter
0x000000025dbb3000 	/System/Library/PrivateFrameworks/NeighborhoodActivityConduit.framework/Versions/A/NeighborhoodActivityConduit
0x000000027d71c000 	/usr/lib/libBASupport.dylib
0x00000001d287d000 	/System/Library/PrivateFrameworks/SpotlightReceiver.framework/Versions/A/SpotlightReceiver
0x0000000246336000 	/System/Library/PrivateFrameworks/Coherence.framework/Versions/A/Coherence
0x00000001c30e9000 	/System/Library/PrivateFrameworks/CoreParsec.framework/Versions/A/CoreParsec
0x0000000260322000 	/System/Library/PrivateFrameworks/PegasusAPI.framework/Versions/A/PegasusAPI
0x0000000261000000 	/System/Library/PrivateFrameworks/PegasusConfiguration.framework/Versions/A/PegasusConfiguration
0x0000000259fc8000 	/System/Library/PrivateFrameworks/LocalStatusKit.framework/Versions/A/LocalStatusKit
0x00000001cc4cf000 	/System/Library/PrivateFrameworks/CharacterPicker.framework/Versions/A/CharacterPicker
0x00000001c5847000 	/System/Library/PrivateFrameworks/ContactsDonation.framework/Versions/A/ContactsDonation
0x00000001bf443000 	/System/Library/PrivateFrameworks/ContactsUICore.framework/Versions/A/ContactsUICore
0x00000001c5169000 	/System/Library/PrivateFrameworks/DataDetectors.framework/Versions/A/DataDetectors
0x00000001b8fb0000 	/System/Library/Frameworks/MediaLibrary.framework/Versions/A/MediaLibrary
0x00000001b3c21000 	/System/Library/PrivateFrameworks/PersonaKit.framework/Versions/A/PersonaKit
0x00000001bf431000 	/System/Library/PrivateFrameworks/PersonaUI.framework/Versions/A/PersonaUI
0x000000026d3bd000 	/System/Library/PrivateFrameworks/Stickers.framework/Versions/A/Stickers
0x0000000255e07000 	/System/Library/PrivateFrameworks/InputAnalytics.framework/Versions/A/InputAnalytics
0x00000001ce0ad000 	/System/Library/PrivateFrameworks/EmojiFoundation.framework/Versions/A/EmojiFoundation
0x000000024caa3000 	/System/Library/PrivateFrameworks/FeedbackService.framework/Versions/A/FeedbackService
0x00000001b38a0000 	/System/Library/PrivateFrameworks/AddressBookCore.framework/Versions/A/AddressBookCore
0x00000001cbf3b000 	/System/Library/PrivateFrameworks/ToneKit.framework/Versions/A/ToneKit
0x00000001c6ffb000 	/System/Library/PrivateFrameworks/ToneLibrary.framework/Versions/A/ToneLibrary
0x0000000246bbb000 	/System/Library/PrivateFrameworks/ContactsAccounts.framework/Versions/A/ContactsAccounts
0x000000020134e000 	/System/Library/Frameworks/SwiftData.framework/Versions/A/SwiftData
0x00000001d6db1000 	/System/Library/PrivateFrameworks/Transparency.framework/Versions/A/Transparency
0x00000001b8515000 	/System/Library/PrivateFrameworks/CoreRecents.framework/Versions/A/CoreRecents
0x000000024141e000 	/System/Library/PrivateFrameworks/AppIntentsServices.framework/Versions/A/AppIntentsServices
0x00000001e4127000 	/System/Library/PrivateFrameworks/DiagnosticRequest.framework/Versions/A/DiagnosticRequest
0x00000001ca75b000 	/System/Library/PrivateFrameworks/Lookup.framework/Versions/A/Lookup
0x0000000200491000 	/System/Library/Frameworks/QuickLookUI.framework/Versions/A/QuickLookUI
0x000000026dcf0000 	/System/Library/PrivateFrameworks/Symptoms.framework/Versions/A/Frameworks/SymptomPresentationFeed.framework/Versions/A/SymptomPresentationFeed
0x0000000200e9b000 	/System/Library/Frameworks/ScreenCaptureKit.framework/Versions/A/ScreenCaptureKit
0x00000001c7bf9000 	/System/Library/Frameworks/Quartz.framework/Versions/A/Frameworks/QuartzComposer.framework/Versions/A/QuartzComposer
0x00000001c6f8e000 	/System/Library/Frameworks/Quartz.framework/Versions/A/Frameworks/QuartzFilters.framework/Versions/A/QuartzFilters
0x00000001c60c2000 	/System/Library/Frameworks/Quartz.framework/Versions/A/Frameworks/ImageKit.framework/Versions/A/ImageKit
0x00000001fadd4000 	/System/Library/Frameworks/OpenCL.framework/Versions/A/OpenCL
0x00000001c4887000 	/System/Library/PrivateFrameworks/CorePDF.framework/Versions/A/CorePDF
0x00000001b0bf6000 	/System/Library/Frameworks/QuickLook.framework/Versions/A/QuickLook
0x00000001bace3000 	/System/Library/PrivateFrameworks/DisplayServices.framework/Versions/A/DisplayServices
0x00000001c6efe000 	/System/Library/Frameworks/ImageCaptureCore.framework/Versions/A/ImageCaptureCore
0x00000002746ae000 	/System/Library/PrivateFrameworks/VisionKitCore.framework/Versions/A/VisionKitCore
0x00000001c30b9000 	/System/Library/PrivateFrameworks/QuickLookSupport.framework/Versions/A/QuickLookSupport
0x00000001c5163000 	/System/Library/PrivateFrameworks/QuickLookNonBaseSystem.framework/Versions/A/QuickLookNonBaseSystem
0x00000001e8069000 	/System/Library/Frameworks/ReplayKit.framework/Versions/A/ReplayKit
0x000000026da70000 	/System/Library/PrivateFrameworks/SymptomShared.framework/Versions/A/SymptomShared
0x00000001bbc49000 	/System/Library/PrivateFrameworks/MarkupUI.framework/Versions/A/MarkupUI
0x00000001c513b000 	/System/Library/PrivateFrameworks/SidecarCore.framework/Versions/A/SidecarCore
0x00000001c7ab9000 	/System/Library/PrivateFrameworks/AnnotationKit.framework/Versions/A/AnnotationKit
0x000000023dc6b000 	/System/Library/Frameworks/Translation.framework/Versions/A/Translation
0x000000025b8e0000 	/System/Library/PrivateFrameworks/MediaAnalysisServices.framework/Versions/A/MediaAnalysisServices
0x00000001e03c5000 	/System/Library/PrivateFrameworks/RevealCore.framework/Versions/A/RevealCore
0x00000001e03b9000 	/System/Library/PrivateFrameworks/Reveal.framework/Versions/A/Reveal
0x00000002714c7000 	/System/Library/PrivateFrameworks/TranslationUIServices.framework/Versions/A/TranslationUIServices
0x00000001c630b000 	/System/Library/Frameworks/PencilKit.framework/Versions/A/PencilKit
0x00000001c64c4000 	/System/Library/PrivateFrameworks/SidecarUI.framework/Versions/A/SidecarUI
0x00000001c5cd1000 	/System/Library/PrivateFrameworks/CoreHandwriting.framework/Versions/A/CoreHandwriting
0x000000019eb05000 	/usr/lib/libmecabra.dylib
0x00000001bf8b8000 	/System/Library/PrivateFrameworks/Calculate.framework/Versions/A/Calculate
0x00000001accd2000 	/usr/lib/libChineseTokenizer.dylib
0x00000001f7c1b000 	/System/Library/PrivateFrameworks/ScreenReaderCore.framework/Versions/A/ScreenReaderCore
0x000000026d794000 	/System/Library/PrivateFrameworks/StocksKit.framework/Versions/A/StocksKit
0x00000001be525000 	/System/Library/PrivateFrameworks/OAuth.framework/Versions/A/OAuth
0x000000026d43b000 	/System/Library/PrivateFrameworks/StocksCore.framework/Versions/A/StocksCore
0x000000026e386000 	/System/Library/PrivateFrameworks/TeaFoundation.framework/Versions/A/TeaFoundation
0x000000026e561000 	/System/Library/PrivateFrameworks/TeaSettings.framework/Versions/A/TeaSettings
0x00000001ee71f000 	/System/Library/PrivateFrameworks/NewsCore.framework/Versions/A/NewsCore
0x000000026e331000 	/System/Library/PrivateFrameworks/TeaDB.framework/Versions/A/TeaDB
0x00000001eb3ad000 	/System/Library/PrivateFrameworks/RemoteConfiguration.framework/Versions/A/RemoteConfiguration
0x00000001ee380000 	/System/Library/PrivateFrameworks/NewsTransport.framework/Versions/A/NewsTransport
0x00000001ee70f000 	/System/Library/PrivateFrameworks/NewsFoundation.framework/Versions/A/NewsFoundation
0x000000025e01f000 	/System/Library/PrivateFrameworks/NewsURLBucket.framework/Versions/A/NewsURLBucket
0x00000001c94bc000 	/System/Library/PrivateFrameworks/MobileInstallation.framework/Versions/A/MobileInstallation
0x00000001d221f000 	/System/Library/PrivateFrameworks/MMCS.framework/Versions/A/MMCS
0x00000001b8e30000 	/System/Library/PrivateFrameworks/ChunkingLibrary.framework/Versions/A/ChunkingLibrary
0x00000001b30f9000 	/System/Library/PrivateFrameworks/AssetCacheServices.framework/Versions/A/AssetCacheServices
0x00000001c9779000 	/System/Library/PrivateFrameworks/PhotoLibraryServices.framework/Versions/A/PhotoLibraryServices
0x00000001c6b56000 	/System/Library/Frameworks/Photos.framework/Versions/A/Photos
0x00000001d9543000 	/System/Library/PrivateFrameworks/PhotosFormats.framework/Versions/A/PhotosFormats
0x00000001d6686000 	/System/Library/PrivateFrameworks/CloudPhotoLibrary.framework/Versions/A/CloudPhotoLibrary
0x00000001dea3d000 	/System/Library/PrivateFrameworks/CloudPhotoServices.framework/Versions/A/CloudPhotoServices
0x00000001db23b000 	/System/Library/PrivateFrameworks/CoreMediaStream.framework/Versions/A/CoreMediaStream
0x00000001b423a000 	/System/Library/PrivateFrameworks/CPAnalytics.framework/Versions/A/CPAnalytics
0x00000001d7a42000 	/System/Library/PrivateFrameworks/MediaConversionService.framework/Versions/A/MediaConversionService
0x00000001ba972000 	/System/Library/PrivateFrameworks/PhotoFoundation.framework/Versions/A/PhotoFoundation
0x00000002614eb000 	/System/Library/PrivateFrameworks/PhotoLibraryServicesCore.framework/Versions/A/PhotoLibraryServicesCore
0x00000001b4dee000 	/System/Library/PrivateFrameworks/AVFoundationCF.framework/Versions/A/AVFoundationCF
0x00000001ed36a000 	/usr/lib/swift/libswiftDemangle.dylib
0x00000001c53e3000 	/System/Library/PrivateFrameworks/MediaStream.framework/Versions/A/MediaStream
0x00000001d7f45000 	/System/Library/PrivateFrameworks/NeutrinoCore.framework/Versions/A/NeutrinoCore
0x00000001a4962000 	/System/Library/PrivateFrameworks/NLP.framework/Versions/A/NLP
0x00000001dd7e6000 	/System/Library/PrivateFrameworks/PhotoImaging.framework/Versions/A/PhotoImaging
0x00000001de9fe000 	/System/Library/PrivateFrameworks/PhotosImagingFoundation.framework/Versions/A/PhotosImagingFoundation
0x0000000261f7c000 	/System/Library/PrivateFrameworks/PhotosIntelligenceCore.framework/Versions/A/PhotosIntelligenceCore
0x00000001b526d000 	/System/Library/PrivateFrameworks/EmbeddedAcousticRecognition.framework/Versions/A/EmbeddedAcousticRecognition
0x00000001d68e6000 	/System/Library/PrivateFrameworks/SDAPI.framework/Versions/A/SDAPI
0x00000001dea4b000 	/System/Library/PrivateFrameworks/AutoLoop.framework/Versions/A/AutoLoop
0x0000000262927000 	/System/Library/PrivateFrameworks/Portrait.framework/Versions/A/Portrait
0x000000024295f000 	/System/Library/PrivateFrameworks/AppleDepth.framework/Versions/A/AppleDepth
0x000000024d531000 	/System/Library/PrivateFrameworks/FusionTracker.framework/Versions/A/FusionTracker
0x0000000242a56000 	/System/Library/PrivateFrameworks/AppleDepthCore.framework/Versions/A/AppleDepthCore
0x00000001c76cc000 	/System/Library/PrivateFrameworks/iTunesCloud.framework/Versions/A/iTunesCloud
0x00000001cfd69000 	/System/Library/PrivateFrameworks/DAAPKit.framework/Versions/A/DAAPKit
0x000000027e395000 	/usr/lib/swift/libswiftVideoToolbox.dylib
0x0000000270532000 	/System/Library/PrivateFrameworks/TipKitCore.framework/Versions/A/TipKitCore
0x00000001ce138000 	/System/Library/PrivateFrameworks/CoreCDPInternal.framework/Versions/A/CoreCDPInternal
0x00000001be479000 	/System/Library/PrivateFrameworks/AccountsDaemon.framework/Versions/A/AccountsDaemon
0x0000000263e31000 	/System/Library/PrivateFrameworks/RegulatoryDomain.framework/Versions/A/RegulatoryDomain
0x00000001e489f000 	/System/Library/PrivateFrameworks/MachineSettings.framework/Versions/A/MachineSettings
0x00000001d731d000 	/System/Library/PrivateFrameworks/BezelServices.framework/Versions/A/BezelServices
0x00000001cfdee000 	/System/Library/PrivateFrameworks/SPOwner.framework/Versions/A/SPOwner
0x00000001c92f3000 	/System/Library/PrivateFrameworks/FMCore.framework/Versions/A/FMCore
0x0000000278c5d000 	/System/Library/PrivateFrameworks/iCloudQuota.framework/Versions/A/iCloudQuota
0x00000001bf3b6000 	/System/Library/PrivateFrameworks/CoreRecognition.framework/Versions/A/CoreRecognition
0x000000025fce2000 	/System/Library/PrivateFrameworks/PassKitMacHelperTemp.framework/Versions/A/PassKitMacHelperTemp
0x00000001d73d2000 	/System/Library/PrivateFrameworks/InAppMessages.framework/Versions/A/InAppMessages
0x00000001f69a6000 	/System/Library/PrivateFrameworks/JetUI.framework/Versions/A/JetUI
0x0000000258c0d000 	/System/Library/PrivateFrameworks/JetPack.framework/Versions/A/JetPack
0x00000001ea66e000 	/System/Library/PrivateFrameworks/PassKitUIFoundation.framework/Versions/A/PassKitUIFoundation
0x00000001badde000 	/System/Library/PrivateFrameworks/PassKitCore.framework/Versions/A/PassKitCore
0x00000001c59fd000 	/System/Library/PrivateFrameworks/BiometricKit.framework/Versions/A/BiometricKit
0x0000000264af8000 	/System/Library/PrivateFrameworks/SEService.framework/Versions/A/SEService
0x00000001ca875000 	/System/Library/PrivateFrameworks/NearField.framework/Versions/A/NearField
0x000000027d8f0000 	/usr/lib/libSESShared.dylib
0x0000000264c91000 	/System/Library/PrivateFrameworks/STSXPCHelperClient.framework/Versions/A/STSXPCHelperClient
0x00000001cc174000 	/usr/lib/libnfshared.dylib
0x00000001d73c9000 	/System/Library/PrivateFrameworks/InAppMessagesCore.framework/Versions/A/InAppMessagesCore
0x0000000278374000 	/System/Library/PrivateFrameworks/_JetEngine_SwiftUI.framework/Versions/A/_JetEngine_SwiftUI
0x000000026dd18000 	/System/Library/PrivateFrameworks/Synapse.framework/Versions/A/Synapse
0x00000002450af000 	/System/Library/PrivateFrameworks/CSExattrCrypto.framework/Versions/A/CSExattrCrypto
0x00000001ba981000 	/System/Library/PrivateFrameworks/IMSharedUtilities.framework/Versions/A/IMSharedUtilities
0x00000001d3152000 	/System/Library/Frameworks/InstantMessage.framework/Versions/A/InstantMessage
0x00000001cbcbf000 	/System/Library/PrivateFrameworks/IDSKVStore.framework/Versions/A/IDSKVStore
0x00000001cbb03000 	/System/Library/PrivateFrameworks/IMDPersistence.framework/Versions/A/IMDPersistence
0x000000027e29e000 	/usr/lib/swift/libswiftAppleArchive.dylib
0x0000000272bc4000 	/System/Library/PrivateFrameworks/UserSafety.framework/Versions/A/UserSafety
0x00000001b2a45000 	/System/Library/Frameworks/MapKit.framework/Versions/A/MapKit
0x00000001e997c000 	/System/Library/PrivateFrameworks/BlastDoor.framework/Versions/A/BlastDoor
0x000000025b0a2000 	/System/Library/PrivateFrameworks/ManagedSettingsObjC.framework/Versions/A/ManagedSettingsObjC
0x0000000200ef3000 	/System/Library/Frameworks/SensitiveContentAnalysis.framework/Versions/A/SensitiveContentAnalysis
0x00000002532b9000 	/System/Library/PrivateFrameworks/GeoAnalytics.framework/Versions/A/GeoAnalytics
0x00000001cc1a8000 	/System/Library/PrivateFrameworks/Navigation.framework/Versions/A/Navigation
0x00000001d511b000 	/System/Library/PrivateFrameworks/VectorKit.framework/Versions/A/VectorKit
0x00000001bf322000 	/System/Library/PrivateFrameworks/VirtualGarage.framework/Versions/A/VirtualGarage
0x00000001cc31e000 	/System/Library/Frameworks/ExternalAccessory.framework/ExternalAccessory
0x00000001cc338000 	/System/Library/PrivateFrameworks/IAP.framework/Versions/A/IAP
0x00000001b2cf4000 	/System/Library/PrivateFrameworks/IOPlatformPluginFamily.framework/Versions/A/IOPlatformPluginFamily
0x0000000259ca2000 	/System/Library/PrivateFrameworks/LinkPresentationStyleSheetParsing.framework/Versions/A/LinkPresentationStyleSheetParsing
0x00000001c579f000 	/System/Library/PrivateFrameworks/CoreSDB.framework/Versions/A/CoreSDB
0x00000002434cb000 	/System/Library/PrivateFrameworks/AskToCore.framework/Versions/A/AskToCore
0x00000001ca44d000 	/System/Library/PrivateFrameworks/StoreFoundation.framework/Versions/A/StoreFoundation
0x00000001c92ed000 	/System/Library/PrivateFrameworks/ServerInformation.framework/Versions/A/ServerInformation
0x00000001c8d6d000 	/System/Library/PrivateFrameworks/Install.framework/Frameworks/DistributionKit.framework/Versions/A/DistributionKit
0x00000001c2e80000 	/System/Library/PrivateFrameworks/PackageKit.framework/Versions/A/PackageKit
0x00000001c8d8f000 	/System/Library/PrivateFrameworks/OSPersonalization.framework/Versions/A/OSPersonalization
0x00000001ca93c000 	/System/Library/PrivateFrameworks/BridgeOSSoftwareUpdate.framework/Versions/A/BridgeOSSoftwareUpdate
0x00000001c5bf3000 	/System/Library/PrivateFrameworks/StorageManagement.framework/Versions/A/StorageManagement
0x00000001d8695000 	/usr/lib/libauthinstall.dylib
0x00000001ca945000 	/System/Library/PrivateFrameworks/InstallerDiagnostics.framework/Versions/A/InstallerDiagnostics
0x00000001d8c74000 	/usr/lib/libcrypto.42.dylib
0x00000001ca92a000 	/System/Library/PrivateFrameworks/GPUInfo.framework/Versions/A/GPUInfo
0x00000001d74d1000 	/System/Library/PrivateFrameworks/MobileActivationMacOS.framework/Versions/A/MobileActivationMacOS
0x00000001fc564000 	/System/Library/Frameworks/DataDetection.framework/Versions/A/DataDetection
0x000000027e2c3000 	/usr/lib/swift/libswiftDataDetection.dylib
0x00000001b41e3000 	/System/Library/PrivateFrameworks/GenerationalStorage.framework/Versions/A/GenerationalStorage
0x00000001af76f000 	/System/Library/PrivateFrameworks/CacheDelete.framework/Versions/A/CacheDelete
0x00000001b7551000 	/System/Library/Frameworks/QuickLookThumbnailing.framework/Versions/A/QuickLookThumbnailing
0x00000001b401e000 	/System/Library/Frameworks/FileProvider.framework/Versions/A/FileProvider
0x00000001a2dac000 	/System/Library/PrivateFrameworks/DesktopServicesPriv.framework/Versions/A/DesktopServicesPriv
0x00000001a501a000 	/System/Library/Frameworks/Accounts.framework/Versions/A/Accounts
0x00000001ca989000 	/System/Library/PrivateFrameworks/AOSKit.framework/Versions/A/AOSKit
0x00000001ace05000 	/System/Library/PrivateFrameworks/AppSSOCore.framework/Versions/A/AppSSOCore
0x00000001b6c52000 	/System/Library/PrivateFrameworks/AppSupport.framework/Versions/A/AppSupport
0x00000001c4c49000 	/System/Library/Frameworks/AVFoundation.framework/Versions/A/AVFoundation
0x00000001b747a000 	/System/Library/PrivateFrameworks/DuetActivityScheduler.framework/Versions/A/DuetActivityScheduler
0x00000001c5747000 	/System/Library/PrivateFrameworks/FTServices.framework/Versions/A/FTServices
0x00000001d6542000 	/System/Library/PrivateFrameworks/NetworkServiceProxy.framework/Versions/A/NetworkServiceProxy
0x00000001b51ab000 	/System/Library/PrivateFrameworks/Rapport.framework/Versions/A/Rapport
0x000000026da80000 	/System/Library/PrivateFrameworks/Symptoms.framework/Versions/A/Frameworks/SymptomAnalytics.framework/Versions/A/SymptomAnalytics
0x00000001b2d66000 	/usr/lib/libnetworkextension.dylib
0x00000001b3dc5000 	/System/Library/PrivateFrameworks/SymptomDiagnosticReporter.framework/Versions/A/SymptomDiagnosticReporter
0x00000001ea42d000 	/System/Library/Frameworks/CryptoKit.framework/Versions/A/CryptoKit
0x00000001b7418000 	/System/Library/PrivateFrameworks/CryptoKitCBridging.framework/Versions/A/CryptoKitCBridging
0x00000001b4d02000 	/System/Library/Frameworks/CryptoTokenKit.framework/Versions/A/CryptoTokenKit
0x00000001df04d000 	/usr/lib/swift/libswiftCryptoTokenKit.dylib
0x00000001b4d65000 	/System/Library/Frameworks/LocalAuthentication.framework/Versions/A/LocalAuthentication
0x0000000259e77000 	/System/Library/PrivateFrameworks/LocalAuthenticationCore.framework/Versions/A/LocalAuthenticationCore
0x00000001b4dba000 	/System/Library/Frameworks/LocalAuthentication.framework/Support/SharedUtils.framework/Versions/A/SharedUtils
0x00000001a7049000 	/System/Library/PrivateFrameworks/ApplePushService.framework/Versions/A/ApplePushService
0x00000001c4e70000 	/System/Library/PrivateFrameworks/FindMyDevice.framework/Versions/A/FindMyDevice
0x00000001a509d000 	/System/Library/PrivateFrameworks/CommonUtilities.framework/Versions/A/CommonUtilities
0x00000001da062000 	/System/Library/PrivateFrameworks/DeviceIdentity.framework/Versions/A/DeviceIdentity
0x00000001ad556000 	/System/Library/PrivateFrameworks/Bom.framework/Versions/A/Bom
0x00000001af2c4000 	/usr/lib/libParallelCompression.dylib
0x000000027d5f7000 	/usr/lib/libAppleArchive.dylib
0x00000001af2b7000 	/System/Library/PrivateFrameworks/MultiverseSupport.framework/Versions/A/MultiverseSupport
0x00000001badbe000 	/System/Library/PrivateFrameworks/FMCoreLite.framework/Versions/A/FMCoreLite
0x00000001ab285000 	/System/Library/PrivateFrameworks/AuthKit.framework/Versions/A/AuthKit
0x00000001b3ef7000 	/System/Library/PrivateFrameworks/DiskManagement.framework/Versions/A/DiskManagement
0x00000001b3e03000 	/System/Library/PrivateFrameworks/AppleIDAuthSupport.framework/Versions/A/AppleIDAuthSupport
0x000000023f01f000 	/System/Library/PrivateFrameworks/AAAFoundation.framework/Versions/A/AAAFoundation
0x00000001af7bb000 	/System/Library/PrivateFrameworks/KeychainCircle.framework/Versions/A/KeychainCircle
0x00000001bfd95000 	/System/Library/PrivateFrameworks/URLFormatting.framework/Versions/A/URLFormatting
0x00000001b6bbd000 	/usr/lib/libcsfde.dylib
0x00000001acf99000 	/usr/lib/libCoreStorage.dylib
0x00000001b0b6c000 	/System/Library/PrivateFrameworks/ProtectedCloudStorage.framework/Versions/A/ProtectedCloudStorage
0x00000001b6bb8000 	/System/Library/PrivateFrameworks/EFILogin.framework/Versions/A/EFILogin
0x00000001beb35000 	/System/Library/PrivateFrameworks/CloudServices.framework/Versions/A/CloudServices
0x00000001b4209000 	/System/Library/PrivateFrameworks/OctagonTrust.framework/Versions/A/OctagonTrust
0x00000001b48f2000 	/System/Library/PrivateFrameworks/AVFCore.framework/Versions/A/AVFCore
0x00000001bd5d5000 	/System/Library/PrivateFrameworks/AVFCapture.framework/Versions/A/AVFCapture
0x0000000244e0f000 	/System/Library/PrivateFrameworks/CMImaging.framework/Versions/A/CMImaging
0x00000001bd7e1000 	/System/Library/PrivateFrameworks/Quagga.framework/Versions/A/Quagga
0x00000001bd919000 	/System/Library/PrivateFrameworks/CMCapture.framework/Versions/A/CMCapture
0x00000001af397000 	/System/Library/Frameworks/CoreMediaIO.framework/Versions/A/CoreMediaIO
0x00000001b759d000 	/System/Library/PrivateFrameworks/Espresso.framework/Versions/A/Espresso
0x00000001f7fda000 	/System/Library/PrivateFrameworks/ANECompiler.framework/Versions/A/ANECompiler
0x00000001b952b000 	/System/Library/PrivateFrameworks/AppleNeuralEngine.framework/Versions/A/AppleNeuralEngine
0x00000001fe840000 	/System/Library/Frameworks/MetalPerformanceShadersGraph.framework/Versions/A/MetalPerformanceShadersGraph
0x000000025a91a000 	/System/Library/PrivateFrameworks/MLCompilerServices.framework/Versions/A/MLCompilerServices
0x00000001b845b000 	/System/Library/PrivateFrameworks/ANEServices.framework/Versions/A/ANEServices
0x00000001ca775000 	/usr/lib/libncurses.5.4.dylib
0x00000001a174b000 	/usr/lib/libsandbox.1.dylib
0x00000001acf91000 	/usr/lib/libMatch.1.dylib
0x000000025a8b8000 	/System/Library/PrivateFrameworks/MLCompilerRuntime.framework/Versions/A/MLCompilerRuntime
0x0000000245a7b000 	/System/Library/PrivateFrameworks/CinematicFraming.framework/Versions/A/CinematicFraming
0x00000001c4889000 	/System/Library/Frameworks/CoreMotion.framework/Versions/A/CoreMotion
0x00000001d31fe000 	/System/Library/PrivateFrameworks/TimeSync.framework/Versions/A/TimeSync
0x000000024acfd000 	/System/Library/PrivateFrameworks/DistributedSensing.framework/Versions/A/DistributedSensing
0x00000001cf1ba000 	/System/Library/PrivateFrameworks/MobileBluetooth.framework/Versions/A/MobileBluetooth
0x00000001aef43000 	/System/Library/PrivateFrameworks/LocationSupport.framework/Versions/A/LocationSupport
0x00000001d4cdd000 	/System/Library/PrivateFrameworks/IOKitten.framework/Versions/A/IOKitten
0x00000001a301e000 	/System/Library/PrivateFrameworks/CoreDuet.framework/Versions/A/CoreDuet
0x00000001b5f36000 	/System/Library/PrivateFrameworks/CoreDuetContext.framework/Versions/A/CoreDuetContext
0x0000000243c4c000 	/System/Library/PrivateFrameworks/BiomeLibrary.framework/Versions/A/BiomeLibrary
0x00000001d8ad6000 	/System/Library/PrivateFrameworks/BiomePubSub.framework/Versions/A/BiomePubSub
0x00000001a70b0000 	/System/Library/Frameworks/CloudKit.framework/Versions/A/CloudKit
0x00000001b5f8b000 	/System/Library/Frameworks/Intents.framework/Versions/A/Intents
0x00000001b85fd000 	/System/Library/PrivateFrameworks/CoreDuetDaemonProtocol.framework/Versions/A/CoreDuetDaemonProtocol
0x00000001b8487000 	/System/Library/PrivateFrameworks/ProactiveSupport.framework/Versions/A/ProactiveSupport
0x00000001d3279000 	/System/Library/PrivateFrameworks/BiomeStreams.framework/Versions/A/BiomeStreams
0x00000001d8b33000 	/System/Library/PrivateFrameworks/BiomeStorage.framework/Versions/A/BiomeStorage
0x00000001cfd1c000 	/System/Library/PrivateFrameworks/BiomeFoundation.framework/Versions/A/BiomeFoundation
0x00000002587aa000 	/System/Library/PrivateFrameworks/IntelligencePlatformLibrary.framework/Versions/A/IntelligencePlatformLibrary
0x0000000262893000 	/System/Library/PrivateFrameworks/PoirotSchematizer.framework/Versions/A/PoirotSchematizer
0x000000024426f000 	/System/Library/PrivateFrameworks/BiomeSync.framework/Versions/A/BiomeSync
0x0000000243c2d000 	/System/Library/PrivateFrameworks/BiomeFlexibleStorage.framework/Versions/A/BiomeFlexibleStorage
0x0000000243c12000 	/System/Library/PrivateFrameworks/BiomeDSL.framework/Versions/A/BiomeDSL
0x0000000262902000 	/System/Library/PrivateFrameworks/PoirotUDFs.framework/Versions/A/PoirotUDFs
0x0000000262862000 	/System/Library/PrivateFrameworks/PoirotSQLite.framework/Versions/A/PoirotSQLite
0x00000001b6f57000 	/System/Library/PrivateFrameworks/InternationalTextSearch.framework/Versions/A/InternationalTextSearch
0x0000000245644000 	/System/Library/PrivateFrameworks/CascadeSets.framework/Versions/A/CascadeSets
0x0000000200fb2000 	/System/Library/Frameworks/SharedWithYouCore.framework/Versions/A/SharedWithYouCore
0x00000001b7021000 	/System/Library/PrivateFrameworks/AppleAccount.framework/Versions/A/AppleAccount
0x00000001b74f9000 	/System/Library/PrivateFrameworks/C2.framework/Versions/A/C2
0x00000001a8899000 	/System/Library/Frameworks/CoreLocation.framework/Versions/A/CoreLocation
0x0000000245de5000 	/System/Library/PrivateFrameworks/CloudAssets.framework/Versions/A/CloudAssets
0x00000001b74f0000 	/System/Library/Frameworks/PushKit.framework/Versions/A/PushKit
0x00000001e0a91000 	/usr/lib/swift/libswiftAVFoundation.dylib
0x00000001c5c4d000 	/usr/lib/swift/libswiftCoreAudio.dylib
0x00000001cbaa5000 	/usr/lib/swift/libswiftCoreLocation.dylib
0x00000001cbabb000 	/usr/lib/swift/libswiftCoreMIDI.dylib
0x00000001df04f000 	/usr/lib/swift/libswiftCoreMedia.dylib
0x00000001b06a4000 	/System/Library/PrivateFrameworks/Sharing.framework/Versions/A/Sharing
0x00000001b65b6000 	/System/Library/PrivateFrameworks/Apple80211.framework/Versions/A/Apple80211
0x00000001aa858000 	/System/Library/Frameworks/CoreWLAN.framework/Versions/A/CoreWLAN
0x00000001ba6e1000 	/System/Library/PrivateFrameworks/AssistantServices.framework/Versions/A/AssistantServices
0x00000001b4f86000 	/System/Library/PrivateFrameworks/SAObjects.framework/Versions/A/SAObjects
0x00000001ba324000 	/System/Library/PrivateFrameworks/MediaRemote.framework/Versions/A/MediaRemote
0x00000001cade3000 	/System/Library/PrivateFrameworks/SiriInstrumentation.framework/Versions/A/SiriInstrumentation
0x0000000265ebd000 	/System/Library/PrivateFrameworks/SiriAnalytics.framework/Versions/A/SiriAnalytics
0x000000026b522000 	/System/Library/PrivateFrameworks/SiriTTSService.framework/Versions/A/SiriTTSService
0x0000000266834000 	/System/Library/PrivateFrameworks/SiriCrossDeviceArbitration.framework/Versions/A/SiriCrossDeviceArbitration
0x00000001c8b4f000 	/System/Library/PrivateFrameworks/FeedbackLogger.framework/Versions/A/FeedbackLogger
0x0000000266885000 	/System/Library/PrivateFrameworks/SiriCrossDeviceArbitrationFeedback.framework/Versions/A/SiriCrossDeviceArbitrationFeedback
0x00000002531b6000 	/System/Library/PrivateFrameworks/GenerativeModels.framework/Versions/A/GenerativeModels
0x00000001bf1cf000 	/System/Library/PrivateFrameworks/MediaServices.framework/Versions/A/MediaServices
0x00000001b0251000 	/System/Library/PrivateFrameworks/IDS.framework/Versions/A/IDS
0x00000001ad207000 	/System/Library/PrivateFrameworks/PersistentConnection.framework/Versions/A/PersistentConnection
0x00000001aeec9000 	/System/Library/PrivateFrameworks/IMFoundation.framework/Versions/A/IMFoundation
0x00000001bf36a000 	/System/Library/PrivateFrameworks/Marco.framework/Versions/A/Marco
0x00000001b0417000 	/System/Library/PrivateFrameworks/IDSFoundation.framework/Versions/A/IDSFoundation
0x00000001bbc75000 	/System/Library/PrivateFrameworks/Engram.framework/Versions/A/Engram
0x00000001bbc16000 	/usr/lib/libtidy.A.dylib
0x00000001d2d82000 	/System/Library/PrivateFrameworks/FTAWD.framework/Versions/A/FTAWD
0x00000001b0e4d000 	/System/Library/PrivateFrameworks/GeoServices.framework/Versions/A/GeoServices
0x000000025339f000 	/System/Library/PrivateFrameworks/GeoServicesCore.framework/Versions/A/GeoServicesCore
0x00000001bfd93000 	/System/Library/PrivateFrameworks/PhoneNumbers.framework/Versions/A/PhoneNumbers
0x000000024a77e000 	/System/Library/PrivateFrameworks/Dendrite.framework/Versions/A/Dendrite
0x00000002435e0000 	/System/Library/PrivateFrameworks/AtomicsInternal.framework/Versions/A/AtomicsInternal
0x00000001cc896000 	/usr/lib/libtailspin.dylib
0x00000001deb55000 	/System/Library/PrivateFrameworks/Osprey.framework/Versions/A/Osprey
0x000000026aba2000 	/System/Library/PrivateFrameworks/SiriTTS.framework/Versions/A/SiriTTS
0x00000001c5863000 	/System/Library/Frameworks/NaturalLanguage.framework/Versions/A/NaturalLanguage
0x00000002699f7000 	/System/Library/PrivateFrameworks/SiriPowerInstrumentation.framework/Versions/A/SiriPowerInstrumentation
0x00000001c6650000 	/System/Library/PrivateFrameworks/Trial.framework/Versions/A/Trial
0x00000001c65d2000 	/System/Library/PrivateFrameworks/TrialProto.framework/Versions/A/TrialProto
0x00000001eefc1000 	/usr/lib/swift/libswiftNaturalLanguage.dylib
0x000000026e32f000 	/System/Library/PrivateFrameworks/TailspinSymbolication.framework/Versions/A/TailspinSymbolication
0x000000024a500000 	/System/Library/PrivateFrameworks/Darwinup.framework/Versions/A/Darwinup
0x00000001d7aae000 	/System/Library/PrivateFrameworks/SignpostSupport.framework/Versions/A/SignpostSupport
0x00000001c572d000 	/System/Library/PrivateFrameworks/FeatureFlagsSupport.framework/Versions/A/FeatureFlagsSupport
0x00000001d722a000 	/System/Library/PrivateFrameworks/ktrace.framework/Versions/A/ktrace
0x00000001d7d24000 	/System/Library/PrivateFrameworks/SampleAnalysis.framework/Versions/A/SampleAnalysis
0x00000001e03a1000 	/System/Library/PrivateFrameworks/kperfdata.framework/Versions/A/kperfdata
0x00000001b0d1a000 	/usr/lib/libdscsym.dylib
0x00000001e07e9000 	/System/Library/PrivateFrameworks/BulkSymbolication.framework/Versions/A/BulkSymbolication
0x00000001a7547000 	/System/Library/Frameworks/CoreML.framework/Versions/A/CoreML
0x00000001ed334000 	/usr/lib/libedit.3.dylib
0x00000001aae8f000 	/System/Library/Frameworks/MLCompute.framework/Versions/A/MLCompute
0x000000025a75d000 	/System/Library/PrivateFrameworks/MLAssetIO.framework/Versions/A/MLAssetIO
0x000000027e2ed000 	/usr/lib/swift/libswiftMLCompute.dylib
0x000000019fc29000 	/System/Library/PrivateFrameworks/LanguageModeling.framework/Versions/A/LanguageModeling
0x00000001a472b000 	/System/Library/PrivateFrameworks/Montreal.framework/Versions/A/Montreal
0x00000001ab7a9000 	/usr/lib/libcmph.dylib
0x0000000253249000 	/System/Library/PrivateFrameworks/GenerativeModelsFoundation.framework/Versions/A/GenerativeModelsFoundation
0x0000000270870000 	/System/Library/PrivateFrameworks/TokenGeneration.framework/Versions/A/TokenGeneration
0x000000025306a000 	/System/Library/PrivateFrameworks/GenerativeFunctions.framework/Versions/A/GenerativeFunctions
0x00000002530bc000 	/System/Library/PrivateFrameworks/GenerativeFunctionsFoundation.framework/Versions/A/GenerativeFunctionsFoundation
0x000000025c8bb000 	/System/Library/PrivateFrameworks/ModelCatalog.framework/Versions/A/ModelCatalog
0x000000026573c000 	/System/Library/PrivateFrameworks/SensitiveContentAnalysisML.framework/Versions/A/SensitiveContentAnalysisML
0x0000000253132000 	/System/Library/PrivateFrameworks/GenerativeFunctionsInstrumentation.framework/Versions/A/GenerativeFunctionsInstrumentation
0x0000000263817000 	/System/Library/PrivateFrameworks/PromptKit.framework/Versions/A/PromptKit
0x0000000263431000 	/System/Library/PrivateFrameworks/ProactiveDaemonSupport.framework/Versions/A/ProactiveDaemonSupport
0x0000000270a21000 	/System/Library/PrivateFrameworks/TokenGenerationCore.framework/Versions/A/TokenGenerationCore
0x0000000273b03000 	/System/Library/PrivateFrameworks/VectorSearch.framework/Versions/A/VectorSearch
0x000000027e36f000 	/usr/lib/swift/libswiftSynchronization.dylib
0x000000025ca5b000 	/System/Library/PrivateFrameworks/ModelManagerServices.framework/Versions/A/ModelManagerServices
0x00000001bf77f000 	/System/Library/PrivateFrameworks/ProactiveEventTracker.framework/Versions/A/ProactiveEventTracker
0x0000000272469000 	/System/Library/PrivateFrameworks/UnifiedAssetFramework.framework/Versions/A/UnifiedAssetFramework
0x0000000242b35000 	/System/Library/PrivateFrameworks/AppleFlatBuffers.framework/Versions/A/AppleFlatBuffers
0x000000023f03a000 	/System/Library/PrivateFrameworks/AAAFoundationSwift.framework/Versions/A/AAAFoundationSwift
0x00000001b726d000 	/System/Library/PrivateFrameworks/AppleIDSSOAuthentication.framework/Versions/A/AppleIDSSOAuthentication
0x00000001d2504000 	/usr/lib/swift/libswiftCompression.dylib
0x0000000265926000 	/System/Library/PrivateFrameworks/SentencePieceInternal.framework/Versions/A/SentencePieceInternal
0x00000001b3192000 	/System/Library/Frameworks/Vision.framework/Versions/A/Vision
0x0000000249ff2000 	/System/Library/PrivateFrameworks/CoreSceneUnderstanding.framework/Versions/A/CoreSceneUnderstanding
0x0000000274664000 	/System/Library/PrivateFrameworks/VisionCore.framework/Versions/A/VisionCore
0x00000001ce213000 	/System/Library/Frameworks/Vision.framework/libfaceCore.dylib
0x00000001cecba000 	/System/Library/PrivateFrameworks/Futhark.framework/Versions/A/Futhark
0x00000001d22cb000 	/System/Library/PrivateFrameworks/InertiaCam.framework/Versions/A/InertiaCam
0x00000001cea9c000 	/System/Library/PrivateFrameworks/TextRecognition.framework/Versions/A/TextRecognition
0x00000001ace25000 	/System/Library/PrivateFrameworks/CVNLP.framework/Versions/A/CVNLP
0x0000000252215000 	/System/Library/PrivateFrameworks/GRDBInternal.framework/Versions/A/GRDBInternal
0x00000001b92bf000 	/System/Library/PrivateFrameworks/RTCReporting.framework/Versions/A/RTCReporting
0x00000001b74df000 	/System/Library/PrivateFrameworks/IntentsFoundation.framework/Versions/A/IntentsFoundation
0x000000024a343000 	/System/Library/PrivateFrameworks/CryptoKitPrivate.framework/Versions/A/CryptoKitPrivate
0x00000001affdd000 	/System/Library/Frameworks/NetworkExtension.framework/Versions/A/NetworkExtension
0x00000001ca300000 	/System/Library/PrivateFrameworks/CaptiveNetwork.framework/Versions/A/CaptiveNetwork
0x00000001b6ac8000 	/System/Library/PrivateFrameworks/EAP8021X.framework/Versions/A/EAP8021X
0x000000027e2de000 	/usr/lib/swift/libswiftFileProvider.dylib
0x00000001d7cf1000 	/System/Library/PrivateFrameworks/UIKitServices.framework/Versions/A/UIKitServices
0x0000000130318000 	/System/Library/Extensions/AGXMetalG14X.bundle/Contents/MacOS/AGXMetalG14X
0x00000001beb81000 	/System/Library/PrivateFrameworks/IOGPU.framework/Versions/A/IOGPU
0x000000012e6b8000 	/Users/ethan/Library/Java/JavaVirtualMachines/liberica-full-21.0.6/lib/libosxui.dylib
0x000000026e8ab000 	/System/Library/PrivateFrameworks/TextInputUI.framework/Versions/A/TextInputUI
0x000000026e8cb000 	/System/Library/PrivateFrameworks/TextInputUIMacHelper.framework/Versions/A/TextInputUIMacHelper
0x0000000264dac000 	/System/Library/PrivateFrameworks/Sage.framework/Versions/A/Sage
0x000000016e330000 	/Users/ethan/Library/Java/JavaVirtualMachines/liberica-full-21.0.6/lib/libjsound.dylib
0x00000003b0618000 	/System/Library/Components/CoreAudio.component/Contents/MacOS/CoreAudio
0x00000003b13cc000 	/Users/ethan/.javacpp/cache/javacpp-1.5.7-macosx-arm64.jar/org/bytedeco/javacpp/macosx-arm64/libjnijavacpp.dylib
0x00000003b1cec000 	/Users/ethan/.javacpp/cache/openblas-0.3.19-1.5.7-macosx-arm64.jar/org/bytedeco/openblas/macosx-arm64/libopenblas_nolapack.0.dylib
0x00000003c8344000 	/Users/ethan/.javacpp/cache/openblas-0.3.19-1.5.7-macosx-arm64.jar/org/bytedeco/openblas/macosx-arm64/libjniopenblas_nolapack.dylib
0x00000003c8834000 	/Users/ethan/.javacpp/cache/openblas-0.3.19-1.5.7-macosx-arm64.jar/org/bytedeco/openblas/macosx-arm64/libopenblas.0.dylib
0x00000003c8390000 	/Users/ethan/.javacpp/cache/openblas-0.3.19-1.5.7-macosx-arm64.jar/org/bytedeco/openblas/macosx-arm64/libjniopenblas.dylib
0x00000003df0dc000 	/Users/ethan/.javacpp/cache/opencv-4.5.5-1.5.7-macosx-arm64.jar/org/bytedeco/opencv/macosx-arm64/libopencv_core.405.dylib
0x00000003df664000 	/Users/ethan/.javacpp/cache/opencv-4.5.5-1.5.7-macosx-arm64.jar/org/bytedeco/opencv/macosx-arm64/libopencv_imgproc.405.dylib
0x00000003dfd80000 	/Users/ethan/.javacpp/cache/opencv-4.5.5-1.5.7-macosx-arm64.jar/org/bytedeco/opencv/macosx-arm64/libjniopencv_core.dylib
0x00000003e0320000 	/Users/ethan/.javacpp/cache/opencv-4.5.5-1.5.7-macosx-arm64.jar/org/bytedeco/opencv/macosx-arm64/libjniopencv_imgproc.dylib
0x00000003e0704000 	/Users/ethan/.javacpp/cache/opencv-4.5.5-1.5.7-macosx-arm64.jar/org/bytedeco/opencv/macosx-arm64/libopencv_imgcodecs.405.dylib
0x00000003df04c000 	/Users/ethan/.javacpp/cache/opencv-4.5.5-1.5.7-macosx-arm64.jar/org/bytedeco/opencv/macosx-arm64/libjniopencv_imgcodecs.dylib
0x00000003df58c000 	/Users/ethan/.javacpp/cache/opencv-4.5.5-1.5.7-macosx-arm64.jar/org/bytedeco/opencv/macosx-arm64/libopencv_videoio.405.dylib
0x00000003df088000 	/Users/ethan/.javacpp/cache/opencv-4.5.5-1.5.7-macosx-arm64.jar/org/bytedeco/opencv/macosx-arm64/libjniopencv_videoio.dylib
0x00000003dfbf8000 	/System/Library/Frameworks/CoreMediaIO.framework/Versions/A/Resources/BaseUnits/CMIOBaseUnits.bundle/Contents/MacOS/CMIOBaseUnits
0x00000003e0d60000 	/System/Library/Frameworks/CoreMediaIO.framework/Versions/A/Resources/CMIOUnits.bundle/Contents/MacOS/CMIOUnits
0x00000001d6e12000 	/System/Library/PrivateFrameworks/FWAVC.framework/Versions/A/FWAVC
0x00000003e2eb0000 	/System/Library/Components/AudioCodecs.component/Contents/MacOS/AudioCodecs
0x0000000272c9d000 	/System/Library/PrivateFrameworks/VFX.framework/Versions/A/VFX
0x00000001fe7ea000 	/System/Library/Frameworks/MetalFX.framework/Versions/A/MetalFX
0x000000027e2e8000 	/usr/lib/swift/libswiftGLKit.dylib
0x000000027e2f4000 	/usr/lib/swift/libswiftMetalKit.dylib
0x000000027e2f8000 	/usr/lib/swift/libswiftModelIO.dylib
0x000000027e32b000 	/usr/lib/swift/libswiftSceneKit.dylib
0x000000025b3f4000 	/System/Library/PrivateFrameworks/MediaAnalysis.framework/Versions/A/MediaAnalysis
0x000000023fe26000 	/System/Library/PrivateFrameworks/ANSTKit.framework/Versions/A/ANSTKit
0x00000001f7a43000 	/System/Library/PrivateFrameworks/AXMediaUtilities.framework/Versions/A/AXMediaUtilities
0x000000025b8dc000 	/System/Library/PrivateFrameworks/MediaAnalysisPhotosServices.framework/Versions/A/MediaAnalysisPhotosServices
0x000000026197f000 	/System/Library/PrivateFrameworks/PhotosIntelligence.framework/Versions/A/PhotosIntelligence
0x00000001d2520000 	/System/Library/Frameworks/SoundAnalysis.framework/Versions/A/SoundAnalysis
0x0000000274a62000 	/System/Library/PrivateFrameworks/VisualIntelligence.framework/Versions/A/VisualIntelligence
0x0000000274e6a000 	/System/Library/PrivateFrameworks/VisualUnderstanding.framework/Versions/A/VisualUnderstanding
0x00000001d81db000 	/System/Library/PrivateFrameworks/AXAssetLoader.framework/Versions/A/AXAssetLoader
0x00000001ff8fc000 	/System/Library/Frameworks/MusicKit.framework/Versions/A/MusicKit
0x000000025ce96000 	/System/Library/PrivateFrameworks/MusicKitInternal.framework/Versions/A/MusicKitInternal
0x0000000200fd0000 	/System/Library/Frameworks/ShazamKit.framework/Versions/A/ShazamKit
0x0000000265d38000 	/System/Library/PrivateFrameworks/ShazamCore.framework/Versions/A/ShazamCore
0x0000000245ab4000 	/System/Library/PrivateFrameworks/CipherML.framework/Versions/A/CipherML
0x0000000261061000 	/System/Library/PrivateFrameworks/PegasusKit.framework/Versions/A/PegasusKit
0x000000026da18000 	/System/Library/PrivateFrameworks/SwiftSQLite.framework/Versions/A/SwiftSQLite


VM Arguments:
jvm_args: -javaagent:/Applications/IntelliJ IDEA.app/Contents/lib/idea_rt.jar=49856:/Applications/IntelliJ IDEA.app/Contents/bin -Dfile.encoding=UTF-8 -Dsun.stdout.encoding=UTF-8 -Dsun.stderr.encoding=UTF-8 
java_command: ClientDriver
java_class_path (initial): /Users/ethan/Documents/strathclyde/year-3/CS313/parley/stage-4/out/production/stage-4:/Users/ethan/Documents/strathclyde/year-3/CS313/parley/stage-4/lib/javacv-1.5.7.jar:/Users/ethan/Documents/strathclyde/year-3/CS313/parley/stage-4/lib/javacpp-1.5.7.jar:/Users/ethan/Documents/strathclyde/year-3/CS313/parley/stage-4/lib/javafx-base-21.jar:/Users/ethan/Documents/strathclyde/year-3/CS313/parley/stage-4/lib/javafx-media-21.jar:/Users/ethan/Documents/strathclyde/year-3/CS313/parley/stage-4/lib/javafx-swing-21.jar:/Users/ethan/Documents/strathclyde/year-3/CS313/parley/stage-4/lib/ffmpeg-5.0-1.5.7.jar:/Users/ethan/Documents/strathclyde/year-3/CS313/parley/stage-4/lib/javafx-base-21-win.jar:/Users/ethan/Documents/strathclyde/year-3/CS313/parley/stage-4/lib/javafx-controls-21.jar:/Users/ethan/Documents/strathclyde/year-3/CS313/parley/stage-4/lib/javafx-graphics-21.jar:/Users/ethan/Documents/strathclyde/year-3/CS313/parley/stage-4/lib/opencv-4.5.5-1.5.7.jar:/Users/ethan/Documents/strathclyde/year-3/CS313/parley/stage-4/lib/javafx-media-21-win.jar:/Users/ethan/Documents/strathclyde/year-3/CS313/parley/stage-4/lib/javafx-swing-21-win.jar:/Users/ethan/Documents/strathclyde/year-3/CS313/parley/stage-4/lib/flandmark-1.07-1.5.7.jar:/Users/ethan/Documents/strathclyde/year-3/CS313/parley/stage-4/lib/javacv-platform-1.5.7.jar:/Users/ethan/Documents/strathclyde/year-3/CS313/parley/stage-4/lib/libdc1394-2.2.6-1.5.7.jar:/Users/ethan/Documents/strathclyde/year-3/CS313/parley/stage-4/lib/openblas-0.3.19-1.5.7.jar:/Users/ethan/Documents/strathclyde/year-3/CS313/parley/stage-4/lib/tesseract-5.0.1-1.5.7.jar:/Users/ethan/Documents/strathclyde/year-3/CS313/parley/stage-4/lib/javacpp-platform-1.5.7.jar:/Users/ethan/Documents/strathclyde/year-3/CS313/parley/stage-4/lib/javafx-controls-21-win.jar:/Users/ethan/Documents/strathclyde/year-3/CS313/parley/stage-4/lib/javafx-graphics-21-win.jar:/Users/ethan/Documents/strathclyde/year-3/CS313/parley/stage-4/lib/leptonica-1.82.0-1.5.7.jar:/Users/ethan/Documents/strathclyde/year-3/CS313/parley/stage-4/lib/videoinput-0.200-1.5.7.jar:/Users/ethan/Documents/strathclyde/year-3/CS313/parley/stage-4/lib/javacpp-1.5.7-ios-arm64.jar:/Users/ethan/Documents/strathclyde/year-3/CS313/parley/stage-4/lib/javacpp-1.5.7-linux-x86.jar:/Users/ethan/Documents/strathclyde/year-3/CS313/parley/stage-4/lib/libfreenect-0.5.7-1.5.7.jar:/Users/ethan/Documents/strathclyde/year-3/CS313/parley/stage-4/lib/javacpp-1.5.7-ios-x86_64.jar:/Users/ethan/Documents/strathclyde/year-3/CS313/parley/stage-4/lib/libfreenect2-0.2.0-1.5.7.jar:/Users/ethan/Documents/strathclyde/year-3/CS313/parley/stage-4/lib/artoolkitplus-2.3.1-1.5.7.jar:/Users/ethan/Documents/strathclyde/year-3/CS313/parley/stage-4/lib/ffmpeg-platform-5.0-1.5.7.jar:/Users/ethan/Documents/strathclyde/year-3/CS313/parley/stage-4/lib/javacpp-1.5.7-android-arm.jar:/Users/ethan/Documents/strathclyde/year-3/CS313/parley/stage-4/lib/javacpp-1.5.7-android-x86.jar:/Users/ethan/Documents/strathclyde/year-3/CS313/parley/stage-4/lib/javacpp-1.5.7-linux-arm64.jar:/Users/ethan/Documents/strathclyde/year-3/CS313/parley/stage-4/lib/javacpp-1.5.7-linux-armhf.jar:/Users/ethan/Documents/strathclyde/year-3/CS313/parley/stage-4/lib/javacpp-1.5.7-windows-x86.jar:/Users/ethan/Documents/strathclyde/year-3/CS313/parley/stage-4/lib/librealsense-1.12.4-1.5.7.jar:/Users/ethan/Documents/strathclyde/year-3/CS313/parley/stage-4/lib/ffmpeg-5.0-1.5.7-linux-x86.jar:/Users/ethan/Documents/strathclyde/year-3/CS313/parley/stage-4/lib/flycapture-2.13.3.31-1.5.7.jar:/Users/ethan/Documents/strathclyde/year-3/CS313/parley/stage-4/lib/javacpp-1.5.7-linux-x86_64.jar:/Users/ethan/Documents/strathclyde/year-3/CS313/parley/stage-4/lib/javacpp-1.5.7-macosx-arm64.jar:/Users/ethan/Documents/strathclyde/year-3/CS313/parley/stage-4/lib/librealsense2-2.50.0-1.5.7.jar:/Users/ethan/Documents/strathclyde/year-3/CS313/parley/stage-4/lib/javacpp-1.5.7-android-arm64.jar:/Users/ethan/Documents/strathclyde/year-3/CS313/parley/stage-4/lib/javacpp-1.5.7-linux-ppc64le.jar:/Users/ethan/Documents/strathclyde/year-3/CS313/parley/stage-4/lib/javacpp-1.5.7-macosx-x86_64.jar:/Users/ethan/Documents/strathclyde/year-3/CS313/parley/stage-4/lib/opencv-platform-4.5.5-1.5.7.jar:/Users/ethan/Documents/strathclyde/year-3/CS313/parley/stage-4/lib/ffmpeg-5.0-1.5.7-android-arm.jar:/Users/ethan/Documents/strathclyde/year-3/CS313/parley/stage-4/lib/ffmpeg-5.0-1.5.7-android-x86.jar:/Users/ethan/Documents/strathclyde/year-3/CS313/parley/stage-4/lib/ffmpeg-5.0-1.5.7-linux-arm64.jar:/Users/ethan/Documents/strathclyde/year-3/CS313/parley/stage-4/lib/ffmpeg-5.0-1.5.7-linux-armhf.jar:/Users/ethan/Documents/strathclyde/year-3/CS313/parley/stage-4/lib/ffmpeg-5.0-1.5.7-windows-x86.jar:/Users/ethan/Documents/strathclyde/year-3/CS313/parley/stage-4/lib/javacpp-1.5.7-android-x86_64.jar:/Users/ethan/Documents/strathclyde/year-3/CS313/parley/stage-4/lib/javacpp-1.5.7-windows-x86_64.jar:/Users/ethan/Documents/strathclyde/year-3/CS313/parley/stage-4/lib/opencv-4.5.5-1.5.7-ios-arm64.jar:/Users/ethan/Documents/strathclyde/year-3/CS313/parley/stage-4/lib/opencv-4.5.5-1.5.7-linux-x86.jar:/Users/ethan/Documents/strathclyde/year-3/CS313/parley/stage-4/lib/ffmpeg-5.0-1.5.7-linux-x86_64.jar:/Users/ethan/Documents/strathclyde/year-3/CS313/parley/stage-4/lib/ffmpeg-5.0-1.5.7-macosx-arm64.jar:/Users/ethan/Documents/strathclyde/year-3/CS313/parley/stage-4/lib/flandmark-platform-1.07-1.5.7.jar:/Users/ethan/Documents/strathclyde/year-3/CS313/parley/stage-4/lib/opencv-4.5.5-1.5.7-ios-x86_64.jar:/Users/ethan/Documents/strathclyde/year-3/CS313/parley/stage-4/lib/ffmpeg-5.0-1.5.7-android-arm64.jar:/Users/ethan/Documents/strathclyde/year-3/CS313/parley/stage-4/lib/ffmpeg-5.0-1.5.7-linux-ppc64le.jar:/Users/ethan/Documents/strathclyde/year-3/CS313/parley/stage-4/lib/ffmpeg-5.0-1.5.7-macosx-x86_64.jar:/Users/ethan/Documents/strathclyde/year-3/CS313/parley/stage-4/lib/flandmark-1.07-1.5.7-linux-x86.jar:/Users/ethan/Documents/strathclyde/year-3/CS313/parley/stage-4/lib/libdc1394-platform-2.2.6-1.5.7.jar:/Users/ethan/Documents/strathclyde/year-3/CS313/parley/stage-4/lib/openblas-platform-0.3.19-1.5.7.jar:/Users/ethan/Documents/strathclyde/year-3/CS313/parley/stage-4/lib/opencv-4.5.5-1.5.7-android-arm.jar:/Users/ethan/Documents/strathclyde/year-3/CS313/parley/stage-4/lib/opencv-4.5.5-1.5.7-android-x86.jar:/Users/ethan/Documents/strathclyde/year-3/CS313/parley/stage-4/lib/opencv-4.5.5-1.5.7-linux-arm64.jar:/Users/ethan/Documents/strathclyde/year-3/CS313/parley/stage-4/lib/opencv-4.5.5-1.5.7-linux-armhf.jar:/Users/ethan/Documents/strathclyde/year-3/CS313/parley/stage-4/lib/opencv-4.5.5-1.5.7-windows-x86.jar:/Users/ethan/Documents/strathclyde/year-3/CS313/parley/stage-4/lib/tesseract-platform-5.0.1-1.5.7.jar:/Users/ethan/Documents/strathclyde/year-3/CS313/parley/stage-4/lib/ffmpeg-5.0-1.5.7-android-x86_64.jar:/Users/ethan/Documents/strathclyde/year-3/CS313/parley/stage-4/lib/ffmpeg-5.0-1.5.7-windows-x86_64.jar:/Users/ethan/Documents/strathclyde/year-3/CS313/parley/stage-4/lib/leptonica-platform-1.82.0-1.5.7.jar:/Users/ethan/Documents/strathclyde/year-3/CS313/parley/stage-4/lib/libdc1394-2.2.6-1.5.7-linux-x86.jar:/Users/ethan/Documents/strathclyde/year-3/CS313/parley/stage-4/lib/openblas-0.3.19-1.5.7-ios-arm64.jar:/Users/ethan/Documents/strathclyde/year-3/CS313/parley/stage-4/lib/openblas-0.3.19-1.5.7-linux-x86.jar:/Users/ethan/Documents/strathclyde/year-3/CS313/parley/stage-4/lib/opencv-4.5.5-1.5.7-linux-x86_64.jar:/Users/ethan/Documents/strathclyde/year-3/CS313/parley/stage-4/lib/opencv-4.5.5-1.5.7-macosx-arm64.jar:/Users/ethan/Documents/strathclyde/year-3/CS313/parley/stage-4/lib/tesseract-5.0.1-1.5.7-linux-x86.jar:/Users/ethan/Documents/strathclyde/year-3/CS313/parley/stage-4/lib/videoinput-platform-0.200-1.5.7.jar:/Users/ethan/Documents/strathclyde/year-3/CS313/parley/stage-4/lib/flandmark-1.07-1.5.7-android-arm.jar:/Users/ethan/Documents/strathclyde/year-3/CS313/parley/stage-4/lib/flandmark-1.07-1.5.7-android-x86.jar:/Users/ethan/Documents/strathclyde/year-3/CS313/parley/stage-4/lib/flandmark-1.07-1.5.7-linux-arm64.jar:/Users/ethan/Documents/strathclyde/year-3/CS313/parley/stage-4/lib/flandmark-1.07-1.5.7-linux-armhf.jar:/Users/ethan/Documents/strathclyde/year-3/CS313/parley/stage-4/lib/flandmark-1.07-1.5.7-windows-x86.jar:/Users/ethan/Documents/strathclyde/year-3/CS313/parley/stage-4/lib/leptonica-1.82.0-1.5.7-linux-x86.jar:/Users/ethan/Documents/strathclyde/year-3/CS313/parley/stage-4/lib/libfreenect-platform-0.5.7-1.5.7.jar:/Users/ethan/Documents/strathclyde/year-3/CS313/parley/stage-4/lib/openblas-0.3.19-1.5.7-ios-x86_64.jar:/Users/ethan/Documents/strathclyde/year-3/CS313/parley/stage-4/lib/opencv-4.5.5-1.5.7-android-arm64.jar:/Users/ethan/Documents/strathclyde/year-3/CS313/parley/stage-4/lib/opencv-4.5.5-1.5.7-linux-ppc64le.jar:/Users/ethan/Documents/strathclyde/year-3/CS313/parley/stage-4/lib/opencv-4.5.5-1.5.7-macosx-x86_64.jar:/Users/ethan/Documents/strathclyde/year-3/CS313/parley/stage-4/lib/flandmark-1.07-1.5.7-linux-x86_64.jar:/Users/ethan/Documents/strathclyde/year-3/CS313/parley/stage-4/lib/libdc1394-2.2.6-1.5.7-linux-arm64.jar:/Users/ethan/Documents/strathclyde/year-3/CS313/parley/stage-4/lib/libdc1394-2.2.6-1.5.7-linux-armhf.jar:/Users/ethan/Documents/strathclyde/year-3/CS313/parley/stage-4/lib/libdc1394-2.2.6-1.5.7-windows-x86.jar:/Users/ethan/Documents/strathclyde/year-3/CS313/parley/stage-4/lib/libfreenect-0.5.7-1.5.7-linux-x86.jar:/Users/ethan/Documents/strathclyde/year-3/CS313/parley/stage-4/lib/libfreenect2-platform-0.2.0-1.5.7.jar:/Users/ethan/Documents/strathclyde/year-3/CS313/parley/stage-4/lib/openblas-0.3.19-1.5.7-android-arm.jar:/Users/ethan/Documents/strathclyde/year-3/CS313/parley/stage-4/lib/openblas-0.3.19-1.5.7-android-x86.jar:/Users/ethan/Documents/strathclyde/year-3/CS313/parley/stage-4/lib/openblas-0.3.19-1.5.7-linux-arm64.jar:/Users/ethan/Documents/strathclyde/year-3/CS313/parley/stage-4/lib/openblas-0.3.19-1.5.7-linux-armhf.jar:/Users/ethan/Documents/strathclyde/year-3/CS313/parley/stage-4/lib/openblas-0.3.19-1.5.7-windows-x86.jar:/Users/ethan/Documents/strathclyde/year-3/CS313/parley/stage-4/lib/opencv-4.5.5-1.5.7-android-x86_64.jar:/Users/ethan/Documents/strathclyde/year-3/CS313/parley/stage-4/lib/opencv-4.5.5-1.5.7-windows-x86_64.jar:/Users/ethan/Documents/strathclyde/year-3/CS313/parley/stage-4/lib/tesseract-5.0.1-1.5.7-android-arm.jar:/Users/ethan/Documents/strathclyde/year-3/CS313/parley/stage-4/lib/tesseract-5.0.1-1.5.7-android-x86.jar:/Users/ethan/Documents/strathclyde/year-3/CS313/parley/stage-4/lib/tesseract-5.0.1-1.5.7-linux-arm64.jar:/Users/ethan/Documents/strathclyde/year-3/CS313/parley/stage-4/lib/tesseract-5.0.1-1.5.7-linux-armhf.jar:/Users/ethan/Documents/strathclyde/year-3/CS313/parley/stage-4/lib/tesseract-5.0.1-1.5.7-windows-x86.jar:/Users/ethan/Documents/strathclyde/year-3/CS313/parley/stage-4/lib/artoolkitplus-platform-2.3.1-1.5.7.jar:/Users/ethan/Documents/strathclyde/year-3/CS313/parley/stage-4/lib/flandmark-1.07-1.5.7-android-arm64.jar:/Users/ethan/Documents/strathclyde/year-3/CS313/parley/stage-4/lib/flandmark-1.07-1.5.7-linux-ppc64le.jar:/Users/ethan/Documents/strathclyde/year-3/CS313/parley/stage-4/lib/flandmark-1.07-1.5.7-macosx-x86_64.jar:/Users/ethan/Documents/strathclyde/year-3/CS313/parley/stage-4/lib/leptonica-1.82.0-1.5.7-android-arm.jar:/Users/ethan/Documents/strathclyde/year-3/CS313/parley/stage-4/lib/leptonica-1.82.0-1.5.7-android-x86.jar:/Users/ethan/Documents/strathclyde/year-3/CS313/parley/stage-4/lib/leptonica-1.82.0-1.5.7-linux-arm64.jar:/Users/ethan/Documents/strathclyde/year-3/CS313/parley/stage-4/lib/leptonica-1.82.0-1.5.7-linux-armhf.jar:/Users/ethan/Documents/strathclyde/year-3/CS313/parley/stage-4/lib/leptonica-1.82.0-1.5.7-windows-x86.jar:/Users/ethan/Documents/strathclyde/year-3/CS313/parley/stage-4/lib/libdc1394-2.2.6-1.5.7-linux-x86_64.jar:/Users/ethan/Documents/strathclyde/year-3/CS313/parley/stage-4/lib/libfreenect2-0.2.0-1.5.7-linux-x86.jar:/Users/ethan/Documents/strathclyde/year-3/CS313/parley/stage-4/lib/librealsense-platform-1.12.4-1.5.7.jar:/Users/ethan/Documents/strathclyde/year-3/CS313/parley/stage-4/lib/openblas-0.3.19-1.5.7-linux-x86_64.jar:/Users/ethan/Documents/strathclyde/year-3/CS313/parley/stage-4/lib/openblas-0.3.19-1.5.7-macosx-arm64.jar:/Users/ethan/Documents/strathclyde/year-3/CS313/parley/stage-4/lib/tesseract-5.0.1-1.5.7-linux-x86_64.jar:/Users/ethan/Documents/strathclyde/year-3/CS313/parley/stage-4/lib/videoinput-0.200-1.5.7-windows-x86.jar:/Users/ethan/Documents/strathclyde/year-3/CS313/parley/stage-4/lib/artoolkitplus-2.3.1-1.5.7-linux-x86.jar:/Users/ethan/Documents/strathclyde/year-3/CS313/parley/stage-4/lib/flandmark-1.07-1.5.7-android-x86_64.jar:/Users/ethan/Documents/strathclyde/year-3/CS313/parley/stage-4/lib/flandmark-1.07-1.5.7-windows-x86_64.jar:/Users/ethan/Documents/strathclyde/year-3/CS313/parley/stage-4/lib/flycapture-platform-2.13.3.31-1.5.7.jar:/Users/ethan/Documents/strathclyde/year-3/CS313/parley/stage-4/lib/leptonica-1.82.0-1.5.7-linux-x86_64.jar:/Users/ethan/Documents/strathclyde/year-3/CS313/parley/stage-4/lib/libdc1394-2.2.6-1.5.7-linux-ppc64le.jar:/Users/ethan/Documents/strathclyde/year-3/CS313/parley/stage-4/lib/libdc1394-2.2.6-1.5.7-macosx-x86_64.jar:/Users/ethan/Documents/strathclyde/year-3/CS313/parley/stage-4/lib/libfreenect-0.5.7-1.5.7-linux-arm64.jar:/Users/ethan/Documents/strathclyde/year-3/CS313/parley/stage-4/lib/libfreenect-0.5.7-1.5.7-linux-armhf.jar:/Users/ethan/Documents/strathclyde/year-3/CS313/parley/stage-4/lib/libfreenect-0.5.7-1.5.7-windows-x86.jar:/Users/ethan/Documents/strathclyde/year-3/CS313/parley/stage-4/lib/librealsense-1.12.4-1.5.7-linux-x86.jar:/Users/ethan/Documents/strathclyde/year-3/CS313/parley/stage-4/lib/librealsense2-platform-2.50.0-1.5.7.jar:/Users/ethan/Documents/strathclyde/year-3/CS313/parley/stage-4/lib/openblas-0.3.19-1.5.7-android-arm64.jar:/Users/ethan/Documents/strathclyde/year-3/CS313/parley/stage-4/lib/openblas-0.3.19-1.5.7-linux-ppc64le.jar:/Users/ethan/Documents/strathclyde/year-3/CS313/parley/stage-4/lib/openblas-0.3.19-1.5.7-macosx-x86_64.jar:/Users/ethan/Documents/strathclyde/year-3/CS313/parley/stage-4/lib/tesseract-5.0.1-1.5.7-android-arm64.jar:/Users/ethan/Documents/strathclyde/year-3/CS313/parley/stage-4/lib/tesseract-5.0.1-1.5.7-linux-ppc64le.jar:/Users/ethan/Documents/strathclyde/year-3/CS313/parley/stage-4/lib/tesseract-5.0.1-1.5.7-macosx-x86_64.jar:/Users/ethan/Documents/strathclyde/year-3/CS313/parley/stage-4/lib/flycapture-2.13.3.31-1.5.7-linux-x86.jar:/Users/ethan/Documents/strathclyde/year-3/CS313/parley/stage-4/lib/leptonica-1.82.0-1.5.7-android-arm64.jar:/Users/ethan/Documents/strathclyde/year-3/CS313/parley/stage-4/lib/leptonica-1.82.0-1.5.7-linux-ppc64le.jar:/Users/ethan/Documents/strathclyde/year-3/CS313/parley/stage-4/lib/leptonica-1.82.0-1.5.7-macosx-x86_64.jar:/Users/ethan/Documents/strathclyde/year-3/CS313/parley/stage-4/lib/libdc1394-2.2.6-1.5.7-windows-x86_64.jar:/Users/ethan/Documents/strathclyde/year-3/CS313/parley/stage-4/lib/libfreenect-0.5.7-1.5.7-linux-x86_64.jar:/Users/ethan/Documents/strathclyde/year-3/CS313/parley/stage-4/lib/librealsense2-2.50.0-1.5.7-linux-x86.jar:/Users/ethan/Documents/strathclyde/year-3/CS313/parley/stage-4/lib/openblas-0.3.19-1.5.7-android-x86_64.jar:/Users/ethan/Documents/strathclyde/year-3/CS313/parley/stage-4/lib/openblas-0.3.19-1.5.7-windows-x86_64.jar:/Users/ethan/Documents/strathclyde/year-3/CS313/parley/stage-4/lib/tesseract-5.0.1-1.5.7-android-x86_64.jar:/Users/ethan/Documents/strathclyde/year-3/CS313/parley/stage-4/lib/tesseract-5.0.1-1.5.7-windows-x86_64.jar:/Users/ethan/Documents/strathclyde/year-3/CS313/parley/stage-4/lib/artoolkitplus-2.3.1-1.5.7-android-arm.jar:/Users/ethan/Documents/strathclyde/year-3/CS313/parley/stage-4/lib/artoolkitplus-2.3.1-1.5.7-android-x86.jar:/Users/ethan/Documents/strathclyde/year-3/CS313/parley/stage-4/lib/artoolkitplus-2.3.1-1.5.7-linux-arm64.jar:/Users/ethan/Documents/strathclyde/year-3/CS313/parley/stage-4/lib/artoolkitplus-2.3.1-1.5.7-linux-armhf.jar:/Users/ethan/Documents/strathclyde/year-3/CS313/parley/stage-4/lib/artoolkitplus-2.3.1-1.5.7-windows-x86.jar:/Users/ethan/Documents/strathclyde/year-3/CS313/parley/stage-4/lib/leptonica-1.82.0-1.5.7-android-x86_64.jar:/Users/ethan/Documents/strathclyde/year-3/CS313/parley/stage-4/lib/leptonica-1.82.0-1.5.7-windows-x86_64.jar:/Users/ethan/Documents/strathclyde/year-3/CS313/parley/stage-4/lib/libfreenect-0.5.7-1.5.7-linux-ppc64le.jar:/Users/ethan/Documents/strathclyde/year-3/CS313/parley/stage-4/lib/libfreenect-0.5.7-1.5.7-macosx-x86_64.jar:/Users/ethan/Documents/strathclyde/year-3/CS313/parley/stage-4/lib/libfreenect2-0.2.0-1.5.7-linux-x86_64.jar:/Users/ethan/Documents/strathclyde/year-3/CS313/parley/stage-4/lib/librealsense-1.12.4-1.5.7-linux-arm64.jar:/Users/ethan/Documents/strathclyde/year-3/CS313/parley/stage-4/lib/librealsense-1.12.4-1.5.7-linux-armhf.jar:/Users/ethan/Documents/strathclyde/year-3/CS313/parley/stage-4/lib/librealsense-1.12.4-1.5.7-windows-x86.jar:/Users/ethan/Documents/strathclyde/year-3/CS313/parley/stage-4/lib/videoinput-0.200-1.5.7-windows-x86_64.jar:/Users/ethan/Documents/strathclyde/year-3/CS313/parley/stage-4/lib/artoolkitplus-2.3.1-1.5.7-linux-x86_64.jar:/Users/ethan/Documents/strathclyde/year-3/CS313/parley/stage-4/lib/flycapture-2.13.3.31-1.5.7-linux-arm64.jar:/Users/ethan/Documents/strathclyde/year-3/CS313/parley/stage-4/lib/flycapture-2.13.3.31-1.5.7-linux-armhf.jar:/Users/ethan/Documents/strathclyde/year-3/CS313/parley/stage-4/lib/flycapture-2.13.3.31-1.5.7-windows-x86.jar:/Users/ethan/Documents/strathclyde/year-3/CS313/parley/stage-4/lib/libfreenect-0.5.7-1.5.7-windows-x86_64.jar:/Users/ethan/Documents/strathclyde/year-3/CS313/parley/stage-4/lib/libfreenect2-0.2.0-1.5.7-macosx-x86_64.jar:/Users/ethan/Documents/strathclyde/year-3/CS313/parley/stage-4/lib/librealsense-1.12.4-1.5.7-linux-x86_64.jar:/Users/ethan/Documents/strathclyde/year-3/CS313/parley/stage-4/lib/librealsense2-2.50.0-1.5.7-linux-arm64.jar:/Users/ethan/Documents/strathclyde/year-3/CS313/parley/stage-4/lib/librealsense2-2.50.0-1.5.7-linux-armhf.jar:/Users/ethan/Documents/strathclyde/year-3/CS313/parley/stage-4/lib/librealsense2-2.50.0-1.5.7-windows-x86.jar:/Users/ethan/Documents/strathclyde/year-3/CS313/parley/stage-4/lib/artoolkitplus-2.3.1-1.5.7-android-arm64.jar:/Users/ethan/Documents/strathclyde/year-3/CS313/parley/stage-4/lib/artoolkitplus-2.3.1-1.5.7-linux-ppc64le.jar:/Users/ethan/Documents/strathclyde/year-3/CS313/parley/stage-4/lib/artoolkitplus-2.3.1-1.5.7-macosx-x86_64.jar:/Users/ethan/Documents/strathclyde/year-3/CS313/parley/stage-4/lib/flycapture-2.13.3.31-1.5.7-linux-x86_64.jar:/Users/ethan/Documents/strathclyde/year-3/CS313/parley/stage-4/lib/libfreenect2-0.2.0-1.5.7-windows-x86_64.jar:/Users/ethan/Documents/strathclyde/year-3/CS313/parley/stage-4/lib/librealsense-1.12.4-1.5.7-macosx-x86_64.jar:/Users/ethan/Documents/strathclyde/year-3/CS313/parley/stage-4/lib/librealsense2-2.50.0-1.5.7-linux-x86_64.jar:/Users/ethan/Documents/strathclyde/year-3/CS313/parley/stage-4/lib/artoolkitplus-2.3.1-1.5.7-android-x86_64.jar:/Users/ethan/Documents/strathclyde/year-3/CS313/parley/stage-4/lib/artoolkitplus-2.3.1-1.5.7-windows-x86_64.jar:/Users/ethan/Documents/strathclyde/year-3/CS313/parley/stage-4/lib/librealsense-1.12.4-1.5.7-windows-x86_64.jar:/Users/ethan/Documents/strathclyde/year-3/CS313/parley/stage-4/lib/librealsense2-2.50.0-1.5.7-macosx-x86_64.jar:/Users/ethan/Documents/strathclyde/year-3/CS313/parley/stage-4/lib/flycapture-2.13.3.31-1.5.7-windows-x86_64.jar:/Users/ethan/Documents/strathclyde/year-3/CS313/parley/stage-4/lib/librealsense2-2.50.0-1.5.7-windows-x86_64.jar
Launcher Type: SUN_STANDARD

[Global flags]
     intx CICompilerCount                          = 4                                         {product} {ergonomic}
     uint ConcGCThreads                            = 3                                         {product} {ergonomic}
     uint G1ConcRefinementThreads                  = 10                                        {product} {ergonomic}
   size_t G1HeapRegionSize                         = 2097152                                   {product} {ergonomic}
    uintx GCDrainStackTargetSize                   = 64                                        {product} {ergonomic}
   size_t InitialHeapSize                          = 268435456                                 {product} {ergonomic}
   size_t MarkStackSize                            = 4194304                                   {product} {ergonomic}
   size_t MaxHeapSize                              = 4294967296                                {product} {ergonomic}
   size_t MaxNewSize                               = 2575302656                                {product} {ergonomic}
   size_t MinHeapDeltaBytes                        = 2097152                                   {product} {ergonomic}
   size_t MinHeapSize                              = 8388608                                   {product} {ergonomic}
    uintx NonNMethodCodeHeapSize                   = 5839564                                {pd product} {ergonomic}
    uintx NonProfiledCodeHeapSize                  = 122909338                              {pd product} {ergonomic}
    uintx ProfiledCodeHeapSize                     = 122909338                              {pd product} {ergonomic}
    uintx ReservedCodeCacheSize                    = 251658240                              {pd product} {ergonomic}
     bool SegmentedCodeCache                       = true                                      {product} {ergonomic}
   size_t SoftMaxHeapSize                          = 4294967296                             {manageable} {ergonomic}
     bool UseCompressedOops                        = true                           {product lp64_product} {ergonomic}
     bool UseG1GC                                  = true                                      {product} {ergonomic}
     bool UseNUMA                                  = false                                     {product} {ergonomic}
     bool UseNUMAInterleaving                      = false                                     {product} {ergonomic}

Logging:
Log output configuration:
 #0: stdout all=warning uptime,level,tags foldmultilines=false
 #1: stderr all=off uptime,level,tags foldmultilines=false

Environment Variables:
PATH=/Users/ethan/.deno/bin:/Users/ethan/.cabal/bin:/Users/ethan/.ghcup/bin:/opt/homebrew/opt/openjdk@17/bin:/opt/homebrew/opt/libpq/bin:/Users/ethan/Code/Library/flutter/bin:/Users/ethan/.nvm/versions/node/v22.12.0/bin:/opt/homebrew/bin:/opt/homebrew/sbin:/usr/local/bin:/System/Cryptexes/App/usr/bin:/usr/bin:/bin:/usr/sbin:/sbin:/var/run/com.apple.security.cryptexd/codex.system/bootstrap/usr/local/bin:/var/run/com.apple.security.cryptexd/codex.system/bootstrap/usr/bin:/var/run/com.apple.security.cryptexd/codex.system/bootstrap/usr/appleinternal/bin:/Library/Apple/usr/bin:/Library/TeX/texbin:/usr/local/share/dotnet:~/.dotnet/tools:/usr/local/go/bin:/Users/ethan/.orbstack/bin
SHELL=/bin/zsh
LC_CTYPE=en_GB.UTF-8
TMPDIR=/var/folders/h7/cr0gy5w573j0th1738c7hyjc0000gn/T/

Active Locale:
LC_ALL=C/en_GB.UTF-8/C/C/C/C
LC_COLLATE=C
LC_CTYPE=en_GB.UTF-8
LC_MESSAGES=C
LC_MONETARY=C
LC_NUMERIC=C
LC_TIME=C

Signal Handlers:
   SIGSEGV: crash_handler in libjvm.dylib, mask=11100110000111110111111111111111, flags=SA_ONSTACK|SA_RESTART|SA_SIGINFO, unblocked
    SIGBUS: crash_handler in libjvm.dylib, mask=11100110000111110111111111111111, flags=SA_RESTART|SA_SIGINFO, unblocked
    SIGFPE: crash_handler in libjvm.dylib, mask=11100110000111110111111111111111, flags=SA_RESTART|SA_SIGINFO, unblocked
   SIGPIPE: javaSignalHandler in libjvm.dylib, mask=11100110000111110111111111111111, flags=SA_RESTART|SA_SIGINFO, blocked
   SIGXFSZ: javaSignalHandler in libjvm.dylib, mask=11100110000111110111111111111111, flags=SA_RESTART|SA_SIGINFO, blocked
    SIGILL: crash_handler in libjvm.dylib, mask=11100110000111110111111111111111, flags=SA_RESTART|SA_SIGINFO, unblocked
   SIGUSR2: SIG_IGN, mask=00000000000000000000000000000000, flags=none, blocked
  *** Handler was modified!
  *** Expected: SR_handler in libjvm.dylib, mask=00000000000000000000000000000000, flags=SA_RESTART|SA_SIGINFO
    SIGHUP: UserHandler in libjvm.dylib, mask=11100110000111110111111111111111, flags=SA_RESTART|SA_SIGINFO, blocked
    SIGINT: UserHandler in libjvm.dylib, mask=11100110000111110111111111111111, flags=SA_RESTART|SA_SIGINFO, blocked
   SIGTERM: UserHandler in libjvm.dylib, mask=11100110000111110111111111111111, flags=SA_RESTART|SA_SIGINFO, blocked
   SIGQUIT: UserHandler in libjvm.dylib, mask=11100110000111110111111111111111, flags=SA_RESTART|SA_SIGINFO, blocked
   SIGTRAP: crash_handler in libjvm.dylib, mask=11100110000111110111111111111111, flags=SA_RESTART|SA_SIGINFO, unblocked


Periodic native trim disabled

---------------  S Y S T E M  ---------------

OS:
uname: Darwin 24.3.0 Darwin Kernel Version 24.3.0: Thu Jan  2 20:24:23 PST 2025; root:xnu-11215.81.4~3/RELEASE_ARM64_T6020 arm64
OS uptime: 0 days 14:54 hours
rlimit (soft/hard): STACK 8176k/65520k , CORE 0k/infinity , NPROC 2666/4000 , NOFILE 1048576/infinity , AS infinity/infinity , CPU infinity/infinity , DATA infinity/infinity , FSIZE infinity/infinity , MEMLOCK infinity/infinity , RSS infinity/infinity
load average: 1.78 1.44 1.37

CPU: total 12 (initial active 12) 0x61:0x0:0xda33d83d:0, fp, asimd, aes, pmull, sha1, sha256, crc32, lse, sha3, sha512
machdep.cpu.brand_string:Apple M2 Pro
hw.cachelinesize:128
hw.l1icachesize:131072
hw.l1dcachesize:65536
hw.l2cachesize:4194304

Memory: 16k page, physical 16777216k(516688k free), swap 0k(0k free)

vm_info: OpenJDK 64-Bit Server VM (21.0.6+10-LTS) for bsd-aarch64 JRE (21.0.6+10-LTS), built on 2025-01-14T17:18:28Z by "re" with clang Apple LLVM 13.1.6 (clang-1316.0.21.2.5)

END.
